gkey,galaxy_h,D_Mpc_h,h_arcsec,hz_e_hi_arcsec,hz_e_lo_arcsec,h_kpc,h_kpc_err_hi,h_kpc_err_lo,h_outlier_reason
ESO402030,ESO402-030,37.542,1.808,5.424,0.362,0.3290715147989237,0.9872145443967711,0.06588710639226238,huge_err_hi
ESO419013,ESO419-013,20.639,2.443,7.329,0.489,0.24444804983879964,0.7333441495163988,0.04892963420842121,huge_err_hi
ESO570019,ESO570-019,18.597,2.703,8.11,0.541,0.24370441422442002,0.7312034033888444,0.048776947131117736,huge_err_hi
ESO576001,ESO576-001,85.6,2.059,6.178,0.412,0.854485249557608,2.563870748794027,0.17098004993576224,huge_err_hi
ESO582004,ESO582-004,30.817,2.506,7.518,0.501,0.37440865876421103,1.123225976292633,0.07485185077448912,huge_err_hi
IC0101,IC0101,44.4,2.369,7.107,0.474,0.5099440040724311,1.5298320122172933,0.1020318522289288,huge_err_hi
IC0750,IC0750,23.512,3.286,9.858,0.657,0.37456879257266135,1.123706377717984,0.07489096065740673,huge_err_hi
IC0796,IC0796,21.597,2.169,6.508,0.434,0.22710538869900374,0.6814208712093667,0.04544201876227184,huge_err_hi
IC1210,IC1210,50.675,3.068,9.204,0.614,0.7537434853222796,2.261230455966839,0.15084696870530628,huge_err_hi
IC1265,IC1265,30.083,2.405,7.215,0.481,0.3507605022665018,1.0522815067995055,0.07015210045330036,huge_err_hi
IC1438,IC1438,33.8,6.21,18.63,1.242,1.0176132644898552,3.0528397934695657,0.20352265289797106,huge_err_hi
IC2035,IC2035,16.5,1.334,4.003,0.267,0.10671223910988292,0.32021671151189,0.021358446658424842,huge_err_hi
IC2040,IC2040,18.417,3.279,9.836,0.656,0.29277552178023414,0.8782372772889244,0.058572961966402444,huge_err_hi
IC3021,IC3021,35.097,3.016,9.047,0.603,0.5131871718420479,1.539391360628318,0.10260340338884445,huge_err_hi
IC3033,IC3033,18.3,2.404,7.212,0.481,0.21328485201076283,0.6398545560322885,0.04267471456621336,huge_err_hi
IC3102,IC3102,28.85,5.085,15.255,1.017,0.7112319104065159,2.133695731219548,0.14224638208130316,huge_err_hi
IC3267,IC3267,17.097,3.678,11.035,0.736,0.30486396625699946,0.9146747872881972,0.061005948658279394,huge_err_hi
IC4214,IC4214,27.3,6.964,20.893,1.393,0.9217133299396408,2.76527234382954,0.18436913679005162,huge_err_hi
IC5152,IC5152,1.756,8.664,25.993,1.733,0.07375940658861173,0.22128673308607857,0.014753583981771023,huge_err_hi
IC5240,IC5240,25.36,6.024,18.073,1.205,0.7406425714493492,2.2220506629820864,0.14815310401667758,huge_err_hi
IC5267,IC5267,26.08,16.779,50.336,3.356,2.1215248345574866,6.364448064383197,0.4243302547693501,huge_err_hi
IC5269,IC5269,26.15,3.255,9.765,0.651,0.41266453348847354,1.2379936004654208,0.08253290669769471,huge_err_hi
NGC0063,NGC0063,18.8,2.514,7.542,0.503,0.2291382444913097,0.6874147334739291,0.045845877875548446,huge_err_hi
NGC0254,NGC0254,17.1,6.024,18.071,1.205,0.49940804305141445,1.4981412260926479,0.099898189222602,huge_err_hi
NGC0473,NGC0473,29.8,3.131,9.394,0.626,0.4523491624851526,1.3571919617967179,0.09044093762877853,huge_err_hi
NGC0488,NGC0488,29.3,8.542,25.625,1.708,1.2133934501733208,3.640038300244831,0.24262186992461154,huge_err_hi
NGC0718,NGC0718,21.4,5.698,17.094,1.14,0.5911676726541101,1.7735030179623301,0.11827503454294232,huge_err_hi
NGC0855,NGC0855,9.73,5.666,16.999,1.133,0.267278403994861,0.801882384311444,0.053446246333599984,huge_err_hi
NGC0936,NGC0936,20.683,10.136,30.409,2.027,1.0163764477734953,3.0492296172399582,0.20325523477080457,huge_err_hi
NGC1015,NGC1015,33.1,5.654,16.961,1.131,0.9073153467626598,2.721785567110271,0.1814951639880736,huge_err_hi
NGC1022,NGC1022,18.5,5.106,15.317,1.021,0.4579594211330085,1.3737885729522703,0.09157394613725063,huge_err_hi
NGC1079,NGC1079,26.05,5.711,17.133,1.142,0.7212641504860253,2.1637924514580757,0.14422757132814584,huge_err_hi
NGC1140,NGC1140,18.95,4.299,12.897,0.86,0.39495818485928297,1.184874554577849,0.0790100113931108,huge_err_hi
NGC1222,NGC1222,31.0,4.598,13.793,0.92,0.6910430756551038,2.072978934865343,0.13826873197100817,huge_err_hi
NGC1258,NGC1258,25.76,3.217,9.652,0.643,0.4017643322909849,1.2054178847598962,0.08030291130342036,huge_err_hi
NGC1291,NGC1291,8.6,33.424,100.272,6.685,1.3935781640123144,4.180734492036944,0.278723971589945,huge_err_hi
NGC1297,NGC1297,23.45,4.992,14.977,0.998,0.5675339975274526,1.7027156812837856,0.1134613240249194,huge_err_hi
NGC1302,NGC1302,20.0,9.324,27.972,1.865,0.9040797032943059,2.7122391098829177,0.18083533318788939,huge_err_hi
NGC1316C,NGC1316C,16.9,2.689,8.067,0.538,0.2203190071025138,0.6609570213075413,0.04408018810753158,huge_err_hi
NGC1326,NGC1326,16.983,9.591,28.773,1.918,0.7896829466947858,2.3690488400843575,0.15792012217293286,huge_err_hi
NGC1350,NGC1350,20.938,12.81,38.431,2.562,1.3003455748672825,3.901138234795045,0.26006911497345647,huge_err_hi
NGC1357,NGC1357,24.7,9.371,28.114,1.874,1.1221666303056748,3.3666196397837735,0.22440937628778515,huge_err_hi
NGC1367,NGC1367,23.25,8.518,25.555,1.704,0.9601410806486802,2.8805359610210166,0.19207330375972656,huge_err_hi
NGC1389,NGC1389,17.685,4.948,14.844,0.99,0.4242376554432405,1.2727129663297214,0.08488182677623445,huge_err_hi
NGC1390,NGC1390,16.764,1.428,4.283,0.286,0.11605939931641336,0.34809692386008295,0.02324438949894553,huge_err_hi
NGC1398,NGC1398,21.033,13.663,40.99,2.733,1.393226572612901,4.179781688604465,0.2786861028288852,huge_err_hi
NGC1411,NGC1411,15.5,3.981,11.943,0.796,0.29915642498727363,0.8974692749618209,0.05981625578745788,huge_err_hi
NGC1433,NGC1433,9.96,15.595,46.785,3.119,0.7530419605846848,2.2591258817540543,0.15060839211693697,huge_err_hi
NGC1438,NGC1438,28.86,4.234,12.702,0.847,0.5924089884372046,1.7772269653116137,0.1185097811068286,huge_err_hi
NGC1452,NGC1452,22.8,6.926,20.777,1.385,0.7655821394807651,2.296635881026835,0.15309432041306087,huge_err_hi
NGC1482,NGC1482,19.6,4.225,12.676,0.845,0.4014738322061425,1.204516520010666,0.08029476644122852,huge_err_hi
NGC1510,NGC1510,11.0,2.71,8.13,0.542,0.14452282258260005,0.4335684677478002,0.028904564516520015,huge_err_hi
NGC1512,NGC1512,12.286,11.413,34.238,2.283,0.679805677162873,2.0393574673357087,0.13598496109373864,huge_err_hi
NGC1533,NGC1533,18.38,5.988,17.965,1.198,0.533582721256636,1.6008372724407922,0.106752187719681,huge_err_hi
NGC1553,NGC1553,15.082,15.468,46.405,3.094,1.1310129008799361,3.3931118221705088,0.22623182798826752,huge_err_hi
NGC1640,NGC1640,19.1,4.887,14.661,0.977,0.4525329066976947,1.3575987200930841,0.0904695416090951,huge_err_hi
NGC2460,NGC2460,31.9,5.831,17.493,1.166,0.9017957481880107,2.7053872445640317,0.18032821855380213,huge_err_hi
NGC2551,NGC2551,34.1,3.508,10.523,0.702,0.5799471553583982,1.7396761447652294,0.11605555959566577,huge_err_hi
NGC2655,NGC2655,24.4,8.035,24.104,1.607,0.9504957215232831,2.8513688701427773,0.19009914430465663,huge_err_hi
NGC2681,NGC2681,15.25,7.165,21.496,1.433,0.529737231231668,1.589285627711924,0.10594744624633361,huge_err_hi
NGC2685,NGC2685,13.475,6.55,19.65,1.31,0.4279022131723753,1.283706639517126,0.08558044263447506,huge_err_hi
NGC2780,NGC2780,55.55,2.396,7.188,0.479,0.6452757375221196,1.935827212566359,0.12900128475504813,huge_err_hi
NGC2787,NGC2787,10.24,7.009,21.028,1.402,0.34796092405400825,1.0439324170363367,0.06960211378566407,huge_err_hi
NGC2798,NGC2798,25.66,4.137,12.41,0.827,0.5146555159624754,1.5438421448137105,0.10288134196300874,huge_err_hi
NGC2841,NGC2841,16.778,13.838,41.515,2.768,1.1256100841150947,3.3769115943082926,0.22515455360822242,huge_err_hi
NGC2844,NGC2844,37.88,4.254,12.761,0.851,0.7812354010617409,2.343522555935326,0.1562838096623276,huge_err_hi
NGC2859,NGC2859,27.333,14.698,44.095,2.94,1.947690757035852,5.843204785106538,0.38959115700676317,huge_err_hi
NGC2893,NGC2893,26.8,2.305,6.914,0.461,0.2994885220468814,0.8983356361961553,0.059897704409376286,huge_err_hi
NGC2962,NGC2962,33.893,6.845,20.534,1.369,1.1247549753957287,3.3741006084405982,0.22495099507914576,huge_err_hi
NGC2966,NGC2966,25.85,5.08,15.239,1.016,0.6366470317310257,1.9098157709742323,0.12732940634620513,huge_err_hi
NGC2968,NGC2968,13.89,7.282,21.845,1.456,0.4903739364409861,1.471054468765908,0.09804785106537706,huge_err_hi
NGC2974,NGC2974,24.73,8.379,25.137,1.676,1.0045944294960367,3.0137832884881104,0.2009428647613507,huge_err_hi
NGC3031,NGC3031,3.692,37.718,113.153,7.544,0.6751259593241705,2.0253599786682184,0.1350323515865513,huge_err_hi
NGC3032,NGC3032,22.86,3.203,9.609,0.641,0.35498305577776157,1.0649491673332847,0.07104094247691077,huge_err_hi
NGC3065,NGC3065,34.033,3.951,11.852,0.79,0.651901112646353,1.9555383414539549,0.1303472232322498,huge_err_hi
NGC3073,NGC3073,23.2,5.205,15.614,1.041,0.585441058832085,1.7562106998278915,0.11708821176641698,huge_err_hi
NGC3166,NGC3166,22.0,9.83,29.491,1.966,1.0484570819091945,3.1454779046372385,0.2096914163818389,huge_err_hi
NGC3185,NGC3185,24.725,4.444,13.331,0.889,0.5327025913266914,1.5979879039100187,0.10656449227934939,huge_err_hi
NGC3277,NGC3277,25.0,4.608,13.824,0.922,0.5585048360119264,1.6755145080357792,0.11174944852495577,huge_err_hi
NGC3329,NGC3329,30.3,2.932,8.797,0.586,0.430706130463239,1.2922652897971056,0.08608246672969239,huge_err_hi
NGC3351,NGC3351,10.113,14.229,42.688,2.846,0.6976359392044215,2.09295684677478,0.13953699367318742,huge_err_hi
NGC3380,NGC3380,22.278,4.439,13.318,0.888,0.47944169878554294,1.4384331030470512,0.09590994109519309,huge_err_hi
NGC3384,NGC3384,11.586,10.314,30.941,2.063,0.5793421278452476,1.7379702130754127,0.11587965966111557,huge_err_hi
NGC3471,NGC3471,26.45,2.467,7.402,0.493,0.31635105325673285,0.9491813928683975,0.063218917412067,huge_err_hi
NGC3489,NGC3489,9.576,5.346,16.039,1.069,0.24819186968220497,0.7446220347611084,0.04962908879354229,huge_err_hi
NGC3504,NGC3504,20.05,5.962,17.887,1.192,0.5795365185562262,1.7387067607204325,0.11586842169054372,huge_err_hi
NGC3593,NGC3593,5.5,8.614,25.842,1.723,0.22968996194216182,0.6890698858264853,0.04594332533391511,huge_err_hi
NGC3599,NGC3599,19.657,5.924,17.771,1.185,0.5645556347417158,1.6935716044893705,0.11293018689549851,huge_err_hi
NGC3611,NGC3611,33.3,5.578,16.733,1.116,0.9005279616027926,2.701422442004218,0.1801701694422224,huge_err_hi
NGC3626,NGC3626,23.15,5.631,16.892,1.126,0.6319911279179696,1.8958611494921582,0.12637577873124378,huge_err_hi
NGC3637,NGC3637,28.2,4.708,14.125,0.942,0.6436651879863283,1.9311322812886338,0.12878772452912515,huge_err_hi
NGC3673,NGC3673,24.786,6.873,20.619,1.375,0.825899585484692,2.477698756454076,0.1652279834193877,huge_err_hi
NGC3681,NGC3681,24.2,3.237,9.711,0.647,0.3797803796087557,1.1393411388262673,0.07590914600150292,huge_err_hi
NGC3682,NGC3682,20.958,8.043,24.13,1.609,0.8172263544469492,2.4517806704966914,0.16348591375172716,huge_err_hi
NGC3729,NGC3729,20.183,5.325,15.976,1.065,0.521050469056796,1.5632492570237317,0.10421009381135918,huge_err_hi
NGC3730,NGC3730,23.847,1.791,5.373,0.358,0.20706361719147698,0.621190851574431,0.04138960075630863,huge_err_hi
NGC3773,NGC3773,17.0,3.356,10.067,0.671,0.2765956415291009,0.8297045063389329,0.05530264465614622,huge_err_hi
NGC3786,NGC3786,46.18,4.33,12.991,0.866,0.9694296172399584,2.9085127384675054,0.19388592344799166,huge_err_hi
NGC3885,NGC3885,27.8,7.068,21.203,1.414,0.952611446440259,2.857699561244031,0.19057620051875016,huge_err_hi
NGC3898,NGC3898,21.9,8.494,25.482,1.699,0.9018427750709039,2.7055283252127116,0.18038978983346665,huge_err_hi
NGC3900,NGC3900,33.8,4.595,13.784,0.919,0.7529682689743776,2.258740940052845,0.15059365379487555,huge_err_hi
NGC3928,NGC3928,15.975,3.079,9.238,0.616,0.23846520253072506,0.7154730565049815,0.04770853028870628,huge_err_hi
NGC3941,NGC3941,14.175,5.311,15.932,1.062,0.3649840011635518,1.0948832812159117,0.07298305577776162,huge_err_hi
NGC3998,NGC3998,21.925,5.212,15.636,1.042,0.5540111022228686,1.662033306668606,0.11075970232467942,huge_err_hi
NGC4034,NGC4034,32.875,4.063,12.189,0.813,0.6475704797226868,1.9427114391680604,0.12957784888371754,huge_err_hi
NGC4050,NGC4050,33.722,7.473,22.418,1.495,1.2217511744600391,3.6650900346641455,0.24441563037839673,huge_err_hi
NGC4064,NGC4064,10.633,6.078,18.233,1.216,0.31332205657770346,0.9399146195428212,0.06268503139165636,huge_err_hi
NGC4117,NGC4117,20.2,4.037,12.111,0.807,0.39535258041839383,1.1860577412551816,0.07903134317504182,huge_err_hi
NGC4138,NGC4138,15.567,4.011,12.032,0.802,0.30271367900516327,0.9080655661406444,0.06052764162606356,huge_err_hi
NGC4151,NGC4151,9.898,6.958,20.875,1.392,0.3338922454124549,1.001724723050445,0.06679764380772307,huge_err_hi
NGC4158,NGC4158,56.76,2.133,6.398,0.427,0.5869589120791215,1.7606015562504544,0.11750185441058833,huge_err_hi
NGC4163,NGC4163,2.923,5.02,15.06,1.004,0.07113887474850314,0.21341662424550945,0.01422777494970063,huge_err_hi
NGC4193,NGC4193,37.354,3.787,11.361,0.757,0.6858148401328388,2.0574445203985166,0.13709052917363584,huge_err_hi
NGC4203,NGC4203,14.94,7.077,21.232,1.415,0.5125948658279398,1.5378570285797395,0.10249000072721984,huge_err_hi
NGC4245,NGC4245,9.7,6.062,18.185,1.212,0.28507696409958067,0.8551838654158485,0.05699658206675878,huge_err_hi
NGC4250,NGC4250,28.347,5.649,16.946,1.13,0.7763420987564541,2.328888866264272,0.15529590575230892,huge_err_hi
NGC4262,NGC4262,20.51,3.095,9.285,0.619,0.3077519210724069,0.9232557632172206,0.06155038421448137,huge_err_hi
NGC4267,NGC4267,16.73,7.022,21.066,1.404,0.5695491721814171,1.7086475165442514,0.11387739073521926,huge_err_hi
NGC4268,NGC4268,29.6,4.071,12.212,0.814,0.5842076939858919,1.7524795772428672,0.11681283785421666,huge_err_hi
NGC4286,NGC4286,8.944,5.152,15.455,1.03,0.22339945216105495,0.6701549947882578,0.044662545754248176,huge_err_hi
NGC4293,NGC4293,14.32,12.508,37.523,2.502,0.8683710760429544,2.6050438028749427,0.17370198531015926,huge_err_hi
NGC4309,NGC4309,14.875,4.766,14.297,0.953,0.34370470026422323,1.031041984825346,0.06872651685937993,huge_err_hi
NGC4310,NGC4310,9.7,3.747,11.241,0.749,0.1762097302014399,0.5286291906043197,0.035223135287130634,huge_err_hi
NGC4314,NGC4314,9.7,10.928,32.785,2.186,0.5139097762586964,1.5417763556589823,0.10280076600489661,huge_err_hi
NGC4319,NGC4319,28.2,6.239,18.717,1.248,0.8529794196785688,2.5589382590357066,0.17062322740164354,huge_err_hi
NGC4324,NGC4324,31.633,3.699,11.096,0.74,0.5672822194749473,1.7016932974571546,0.1134871160885269,huge_err_hi
NGC4336,NGC4336,13.917,4.264,12.793,0.853,0.2876982910333794,0.8631623445567596,0.057553152498000144,huge_err_hi
NGC4344,NGC4344,15.917,2.891,8.674,0.578,0.22309188180253559,0.6693528131287422,0.04460294281628003,huge_err_hi
NGC4355,NGC4355,25.35,3.105,9.316,0.621,0.3816049741836957,1.1449378227038034,0.07632099483673914,huge_err_hi
NGC4369,NGC4369,21.6,3.625,10.876,0.725,0.3796087557268562,1.1389309868373207,0.07592175114537124,huge_err_hi
NGC4370,NGC4370,31.7,2.927,8.781,0.585,0.4498383147892274,1.3495149443676824,0.08990618864082611,huge_err_hi
NGC4371,NGC4371,16.8,10.193,30.58,2.039,0.8302058032143117,2.4906988582648535,0.1660737400916297,huge_err_hi
NGC4378,NGC4378,27.75,9.471,28.412,1.894,1.2741873318304124,3.822427459821104,0.25481055923205587,huge_err_hi
NGC4394,NGC4394,16.8,9.025,27.075,1.805,0.7350738128136136,2.2052214384408404,0.1470147625627227,huge_err_hi
NGC4405,NGC4405,24.181,3.143,9.429,0.629,0.36846233243642884,1.1053869973092867,0.07373935956172885,huge_err_hi
NGC4424,NGC4424,15.95,7.179,21.537,1.436,0.5551356264998909,1.6654068794996728,0.11104259084187816,huge_err_hi
NGC4450,NGC4450,16.542,9.797,29.39,1.959,0.7856978837902698,2.357013453567013,0.15710749763653553,huge_err_hi
NGC4454,NGC4454,35.7,4.854,14.562,0.971,0.8401221729328777,2.520366518798633,0.16805905025089085,huge_err_hi
NGC4457,NGC4457,17.4,11.32,33.961,2.264,0.9549269144062251,2.8648651007199475,0.190985382881245,huge_err_hi
NGC4462,NGC4462,26.2,5.048,15.143,1.01,0.6412023367997479,1.9234799893341092,0.12829127578600347,huge_err_hi
NGC4489,NGC4489,16.16,3.683,11.049,0.737,0.28854764501975616,0.8656429350592685,0.05774086733086079,huge_err_hi
NGC4491,NGC4491,6.903,4.546,13.638,0.909,0.1521394225874482,0.45641826776234456,0.030421191186095556,huge_err_hi
NGC4503,NGC4503,17.033,6.45,19.35,1.29,0.5326296269362228,1.5978888808086684,0.10652592538724456,huge_err_hi
NGC4528,NGC4528,17.556,2.094,6.283,0.419,0.17822831794051341,0.5347700676314451,0.03566268635008363,huge_err_hi
NGC4531,NGC4531,15.2,6.094,18.281,1.219,0.4490766732116452,1.3471563280246284,0.08983007296439047,huge_err_hi
NGC4548,NGC4548,16.196,13.298,39.895,2.66,1.044163614767411,3.1325693646522685,0.20886413109349627,huge_err_hi
NGC4579,NGC4579,19.583,11.315,33.946,2.263,1.0742571206942526,3.2228663030567475,0.2148514241388505,huge_err_hi
NGC4580,NGC4580,18.575,4.097,12.291,0.819,0.36895147019610697,1.106854410588321,0.07375427241655151,huge_err_hi
NGC4591,NGC4591,48.067,2.179,6.537,0.436,0.5077836424017647,1.523350927205294,0.10160333551499284,huge_err_hi
NGC4593,NGC4593,33.933,9.215,27.646,1.843,1.5159750563595376,4.548089680750491,0.3031950112719075,huge_err_hi
NGC4596,NGC4596,16.8,11.125,33.374,2.225,0.906115918842266,2.7182663079048797,0.1812231837684532,huge_err_hi
NGC4606,NGC4606,17.08,6.177,18.532,1.235,0.5114932732164933,1.5345626257484304,0.10226553220371852,huge_err_hi
NGC4641,NGC4641,27.944,6.68,20.041,1.336,0.9049810680435363,2.7150786803384,0.18099621360870727,huge_err_hi
NGC4643,NGC4643,25.7,9.719,29.158,1.944,1.2109582333406055,3.632999297020823,0.24221656606792233,huge_err_hi
NGC4659,NGC4659,3.708,8.088,24.263,1.618,0.14539696022107482,0.43617290378881535,0.02908658279397862,huge_err_hi
NGC4691,NGC4691,22.5,7.041,21.124,1.408,0.7680532324921825,2.3042687804523307,0.15358882990327977,huge_err_hi
NGC4694,NGC4694,15.302,8.594,25.781,1.719,0.6375555135384093,1.9125923544954306,0.12752593993164135,huge_err_hi
NGC4699,NGC4699,24.7,15.246,45.739,3.049,1.8256912224565487,5.477193416236394,0.3651142947179599,huge_err_hi
NGC4725,NGC4725,13.637,17.647,52.94,3.529,1.1667133978134923,3.5000740794608878,0.23331623397086274,huge_err_hi
NGC4733,NGC4733,16.933,4.429,13.287,0.886,0.36359177271955984,1.0907753181586795,0.07273477322861369,huge_err_hi
NGC4750,NGC4750,26.1,6.401,19.202,1.28,0.8099585484692021,2.429749109155698,0.16196640244345864,huge_err_hi
NGC4754,NGC4754,17.264,10.175,30.525,2.035,0.8516287300317554,2.554886190095266,0.1703257460063511,huge_err_hi
NGC4772,NGC4772,30.475,8.734,26.203,1.747,1.290420817879912,3.871410200470269,0.25811371294208907,huge_err_hi
NGC4791,NGC4791,35.125,1.171,3.512,0.234,0.19941034591423656,0.5980607470971808,0.039848011053741555,huge_err_hi
NGC4795,NGC4795,39.056,5.032,15.097,1.006,0.9528024240661286,2.858596620851817,0.1904847453518532,huge_err_hi
NGC4800,NGC4800,22.5,2.942,8.827,0.588,0.32092211475529053,0.9628754272416552,0.06414078976074467,huge_err_hi
NGC4826,NGC4826,5.341,13.752,41.257,2.75,0.35609256054105154,1.0683035754975394,0.07120815455845635,huge_err_hi
NGC4880,NGC4880,15.7,6.393,19.179,1.279,0.48660751945313063,1.4598225583593918,0.09735195016120038,huge_err_hi
NGC4941,NGC4941,18.22,9.534,28.601,1.907,0.8421665333430297,2.5264112670593657,0.16845097326255062,huge_err_hi
NGC4984,NGC4984,21.3,12.327,36.982,2.465,1.2729503308850267,3.818954257872155,0.25454876009017524,huge_err_hi
NGC5101,NGC5101,27.4,13.15,39.45,2.63,1.746830533536955,5.240491600610865,0.34936610670739093,huge_err_hi
NGC5134,NGC5134,10.889,5.465,16.394,1.093,0.28850452088332973,0.865460771337842,0.05770090417666594,huge_err_hi
NGC5218,NGC5218,51.42,2.834,8.503,0.567,0.7064905825030907,2.1197210384699297,0.14134797469274962,huge_err_hi
NGC5273,NGC5273,15.96,4.489,13.467,0.898,0.34734172060213797,1.042025161806414,0.0694838193585921,huge_err_hi
NGC5311,NGC5311,36.736,7.798,23.394,1.56,1.3888314934671417,4.166494480401425,0.2778375390880663,huge_err_hi
NGC5334,NGC5334,32.62,7.991,23.972,1.598,1.2637452791312145,3.791077691319419,0.25271742661139796,huge_err_hi
NGC5337,NGC5337,52.2,2.648,7.945,0.53,0.6701359901098102,2.0106610428332483,0.1341284270234892,huge_err_hi
NGC5338,NGC5338,12.8,4.632,13.897,0.926,0.28744382226747145,0.8623935228953047,0.05746394201633821,huge_err_hi
NGC5347,NGC5347,27.3,3.582,10.745,0.716,0.47409206603156134,1.4221438440840666,0.0947654716020653,huge_err_hi
NGC5375,NGC5375,41.92,6.613,19.838,1.323,1.3439844859767776,4.031750224226117,0.26887819067704166,huge_err_hi
NGC5383,NGC5383,37.64,6.089,18.268,1.218,1.1111432380675346,3.333612197900759,0.22226514435313793,huge_err_hi
NGC5473,NGC5473,33.4,4.404,13.211,0.881,0.7131292269653117,2.13922575327855,0.14265823091653942,huge_err_hi
NGC5507,NGC5507,34.3,3.205,9.615,0.641,0.5329624512156692,1.5988873536470074,0.10659249024313383,huge_err_hi
NGC5534,NGC5534,31.8,3.803,11.409,0.761,0.5863108137589994,1.7589324412769982,0.11732383099410953,huge_err_hi
NGC5602,NGC5602,30.833,3.853,11.56,0.771,0.5759559256296513,1.7280172593508354,0.11525097811068287,huge_err_hi
NGC5636,NGC5636,23.111,4.01,12.03,0.802,0.4493011902164691,1.3479035706494071,0.08986023804329382,huge_err_hi
NGC5701,NGC5701,26.1,9.705,29.114,1.941,1.2280343247763799,3.6839764380772304,0.24560686495527598,huge_err_hi
NGC5728,NGC5728,30.567,10.149,30.447,2.03,1.5040093229583302,4.512027968874991,0.3008315031634063,huge_err_hi
NGC5750,NGC5750,33.633,5.632,16.896,1.126,0.9183383317576903,2.755014995273071,0.18360244345865753,huge_err_hi
NGC5757,NGC5757,39.5,4.112,12.336,0.822,0.7874530337187599,2.3623591011562795,0.1574140062540906,huge_err_hi
NGC5762,NGC5762,43.8,4.397,13.19,0.879,0.9336950039997092,2.8008726638062686,0.18665406152279834,huge_err_hi
NGC5770,NGC5770,22.4,3.45,10.35,0.69,0.3746636608246673,1.1239909824740018,0.07493273216493346,huge_err_hi
NGC5821,NGC5821,12.319,11.593,34.778,2.319,0.692381969796136,2.0770861852471336,0.13850028361573702,huge_err_hi
NGC5913,NGC5913,32.0,4.843,14.53,0.969,0.7513441446682665,2.254187574237025,0.15033088502654351,huge_err_hi
NGC5930,NGC5930,34.96,3.529,10.586,0.706,0.5981326933798754,1.79422858943592,0.11966043681671637,huge_err_hi
NGC5953,NGC5953,27.06,3.486,10.457,0.697,0.4573299396407534,1.3718586284633845,0.09143974983637553,huge_err_hi
NGC5957,NGC5957,25.375,7.36,22.08,1.472,0.9054371803262794,2.716311540978838,0.18108743606525587,huge_err_hi
NGC6014,NGC6014,34.597,3.649,10.946,0.73,0.6120498048626767,1.8359816837563327,0.12244350713887474,huge_err_hi
NGC6278,NGC6278,39.15,3.461,10.382,0.692,0.6569129517853247,1.9705490509781107,0.13134462948149225,huge_err_hi
NGC6902,NGC6902,38.5,9.113,27.34,1.823,1.7009696264514096,5.103095532446125,0.34026858652704045,huge_err_hi
NGC7079,NGC7079,31.8,3.738,11.214,0.748,0.5762897243836812,1.7288691731510437,0.1153196131190459,huge_err_hi
NGC7098,NGC7098,29.1,11.222,33.666,2.244,1.583207039488037,4.749621118464111,0.3165849756381354,huge_err_hi
NGC7163,NGC7163,29.789,4.395,13.184,0.879,0.634730346883863,1.9040466196397838,0.1269460693767726,huge_err_hi
NGC7179,NGC7179,45.9,3.527,10.582,0.705,0.7848607374009163,2.3548047414733477,0.15688313577194385,huge_err_hi
NGC7180,NGC7180,18.562,2.18,6.54,0.436,0.19618044748260732,0.588541342447822,0.039236089496521465,huge_err_hi
NGC7219,NGC7219,41.167,4.104,12.313,0.821,0.8190888808086685,2.4574662254866313,0.16385769277385887,huge_err_hi
NGC7280,NGC7280,23.06,4.194,12.582,0.839,0.4688805177805251,1.4066415533415753,0.09379846314207452,huge_err_hi
NGC7378,NGC7378,33.483,3.005,9.015,0.601,0.4878016871500254,1.4634050614500764,0.09756033743000508,huge_err_hi
NGC7513,NGC7513,19.85,7.221,21.664,1.444,0.6949160061086467,2.0848442537512426,0.13896395413666884,huge_err_hi
NGC7531,NGC7531,22.788,5.521,16.564,1.104,0.6099558723001963,1.8299780961384626,0.12196907861246456,huge_err_hi
NGC7582,NGC7582,20.625,10.168,30.505,2.034,1.0167260562868154,3.050278161588248,0.20338520834848373,huge_err_hi
NGC7690,NGC7690,22.68,3.374,10.123,0.675,0.3709903279761472,1.1130809395680314,0.07422005672314741,huge_err_hi
NGC7724,NGC7724,37.625,3.389,10.166,0.678,0.6181907982449761,1.854389983758757,0.12367464184422952,huge_err_hi
NGC7731,NGC7731,36.8,3.012,9.035,0.602,0.5373747363828085,1.6119457978813663,0.10740358276973797,huge_err_hi
NGC7743,NGC7743,21.433,6.842,20.527,1.368,0.7109523477080454,2.1329609531428018,0.14214890553414297,huge_err_hi
PGC004143,PGC004143,25.972,4.683,14.049,0.937,0.5896631808595738,1.7689895425787214,0.11798300244830678,huge_err_hi
PGC007109,PGC007109,26.639,2.625,7.875,0.525,0.33901716238819,1.01705148716457,0.067803432477638,huge_err_hi
PGC042068,PGC042068,24.931,5.339,16.018,1.068,0.645318444719172,1.9360762029428162,0.12908786270089448,huge_err_hi
PGC053093,PGC053093,38.575,1.753,5.259,0.351,0.32784027828279155,0.9835208348483748,0.06564286233728456,huge_err_hi
PGC053415,PGC053415,33.5,4.7,14.099,0.94,0.7633384238722033,2.2898528591859986,0.15266768477444065,huge_err_hi
PGC1059326,PGC1059326,38.056,2.983,8.948,0.597,0.5503650546626913,1.6509106634668995,0.11014681114100792,huge_err_hi
PGC1063216,PGC1063216,37.917,3.103,9.31,0.621,0.5704140353428843,1.7114259326594432,0.11415633772089304,huge_err_hi
UGC04306,UGC04306,33.583,2.39,7.169,0.478,0.38912743315637655,1.167219484643541,0.07782548663127531,huge_err_hi
UGC05179,UGC05179,18.861,4.595,13.784,0.919,0.4201696603883354,1.2604175405425062,0.08403393207766709,huge_err_hi
UGC05403,UGC05403,28.917,1.856,5.567,0.371,0.26019902552541635,0.7804568831357721,0.05201176641698786,huge_err_hi
UGC05922,UGC05922,25.639,2.236,6.707,0.447,0.27793762393038085,0.833688570528204,0.05556266453348847,huge_err_hi
UGC06271,UGC06271,27.903,2.766,8.297,0.553,0.37417738346302093,1.1223968729546945,0.0748084212057305,huge_err_hi
UGC06512,UGC06512,25.972,2.855,8.566,0.571,0.35948929774804256,1.0785938089351077,0.0718978595496085,huge_err_hi
UGC06570,UGC06570,22.264,3.218,9.653,0.644,0.3473471117252079,1.0419333963590527,0.06951259787166994,huge_err_hi
UGC06900,UGC06900,5.9,5.529,16.587,1.106,0.15815140717038761,0.47445422151116284,0.03163600223014084,huge_err_hi
UGC06922,UGC06922,12.389,4.481,13.443,0.896,0.2691445906964342,0.8074337720893026,0.05381690543718033,huge_err_hi
UGC07129,UGC07129,22.875,2.409,7.226,0.482,0.26716057014035344,0.8013708093956804,0.05345429423314668,huge_err_hi
UGC07639,UGC07639,6.967,5.433,16.299,1.087,0.18351010108355756,0.5505303032506726,0.03671553099168545,huge_err_hi
UGC07824,UGC07824,17.042,4.132,12.395,0.826,0.34139356652849484,1.02409807771556,0.06824566455772912,huge_err_hi
UGC08155,UGC08155,40.611,6.17,18.511,1.234,1.214795869391317,3.6445844956730418,0.24295917387826338,huge_err_hi
