galaxy,r_kpc,delta_a
CamB,0.16,1.3251509325795319e-11
CamB,0.41,1.9485153082968114e-11
CamB,0.57,2.077829108363341e-11
CamB,0.73,2.1564438303560506e-11
CamB,0.9,2.144484915413224e-11
CamB,1.06,2.085415481403387e-11
CamB,1.22,1.9671079047825907e-11
CamB,1.47,1.8170388144260417e-11
CamB,1.79,1.5223046373638547e-11
D564-8,0.51,1.3653647732463514e-11
D564-8,1.02,1.3768477386566674e-11
D564-8,1.53,1.2566736525809513e-11
D564-8,2.04,1.120364263042882e-11
D564-8,2.56,9.924957516412147e-12
D564-8,3.07,8.871470478244403e-12
D631-7,0.45,2.472276153621522e-11
D631-7,0.9,2.7304181693689994e-11
D631-7,1.35,2.8189589188505928e-11
D631-7,1.8,2.678732638524419e-11
D631-7,2.25,2.4769210054841947e-11
D631-7,2.69,2.3118129418609395e-11
D631-7,3.14,2.1344553882041414e-11
D631-7,3.59,1.9802778184244458e-11
D631-7,4.04,1.8438441379015098e-11
D631-7,4.49,1.7106025320529937e-11
D631-7,4.94,1.5948243202296183e-11
D631-7,5.39,1.4850389993579768e-11
D631-7,5.84,1.3866272421833329e-11
D631-7,6.29,1.2969062986383321e-11
D631-7,6.74,1.2156880108056182e-11
D631-7,7.19,1.1410111280164224e-11
DDO154,0.49,1.906117292724958e-11
DDO154,0.99,1.8715082813946665e-11
DDO154,1.48,1.7969570086432258e-11
DDO154,1.97,1.7580446308880276e-11
DDO154,2.47,1.681274569702459e-11
DDO154,2.96,1.6482881476498245e-11
DDO154,3.46,1.6333564820694178e-11
DDO154,3.95,1.5533330952642017e-11
DDO154,4.44,1.4362781066698339e-11
DDO154,4.94,1.3253629749685328e-11
DDO154,5.43,1.2219555509501432e-11
DDO154,5.92,1.129760236607964e-11
DDO168,0.41,2.8497090368849986e-11
DDO168,0.82,3.3014042266775174e-11
DDO168,1.24,3.0752351664099096e-11
DDO168,1.64,2.775759391080604e-11
DDO168,2.06,2.693922383246197e-11
DDO168,2.47,2.5449103074847195e-11
DDO168,2.89,2.4003670254043167e-11
DDO168,3.3,2.2561328757935167e-11
DDO168,3.71,2.142297484899502e-11
DDO168,4.12,2.0278530902370013e-11
ESO444-G084,0.26,2.3282014841946713e-11
ESO444-G084,0.77,2.750307236491274e-11
ESO444-G084,1.29,2.6616757637571203e-11
ESO444-G084,1.81,2.498902069690167e-11
ESO444-G084,2.32,2.293810148299397e-11
ESO444-G084,3.39,1.6884142494099883e-11
ESO444-G084,4.44,1.2617115817656252e-11
ESO563-G021,0.45,7.490427546994584e-11
ESO563-G021,1.34,7.692591220651516e-11
ESO563-G021,2.23,7.319617834500162e-11
ESO563-G021,3.12,6.971452500809916e-11
ESO563-G021,4.01,6.808387500588142e-11
ESO563-G021,4.9,6.833220224166516e-11
ESO563-G021,5.79,6.972354173709001e-11
ESO563-G021,6.69,7.030128774599245e-11
ESO563-G021,7.58,6.983147365285235e-11
ESO563-G021,8.47,6.983960327686697e-11
ESO563-G021,10.23,6.923742691353249e-11
ESO563-G021,12.06,6.824105249835223e-11
ESO563-G021,13.44,6.676437436958707e-11
ESO563-G021,15.18,6.5204671522625e-11
ESO563-G021,16.83,6.362481486378246e-11
ESO563-G021,18.56,6.117436630354638e-11
ESO563-G021,20.3,5.926605755010917e-11
ESO563-G021,21.94,5.802612036243464e-11
ESO563-G021,23.68,5.66393327805007e-11
ESO563-G021,25.41,5.435357399844151e-11
ESO563-G021,27.06,5.221260089194454e-11
ESO563-G021,28.8,4.986031193036935e-11
ESO563-G021,30.53,4.7625360843603035e-11
ESO563-G021,32.18,4.584817058205437e-11
ESO563-G021,33.91,4.422443017881461e-11
ESO563-G021,35.65,4.255520147533467e-11
ESO563-G021,37.3,4.1137251893126336e-11
ESO563-G021,39.03,3.9645738535004525e-11
ESO563-G021,40.76,3.825146226180994e-11
ESO563-G021,42.41,3.7064520156134074e-11
F568-3,0.64,2.1634953132500372e-11
F568-3,1.18,2.439850311371151e-11
F568-3,1.8,2.5619663700209856e-11
F568-3,2.03,2.58476619234693e-11
F568-3,2.78,2.6818884736445016e-11
F568-3,3.0,2.698304153451131e-11
F568-3,3.64,2.728662422523346e-11
F568-3,4.19,2.7413997639236058e-11
F568-3,4.6,2.6991059005175436e-11
F568-3,5.14,2.6344334812781874e-11
F568-3,5.39,2.6277115721343746e-11
F568-3,6.31,2.6323923034109037e-11
F568-3,9.1,2.526243067169264e-11
F568-3,10.17,2.505684652381633e-11
F568-3,11.99,2.4167538352300316e-11
F568-3,14.02,2.291310888262123e-11
F568-3,15.94,2.2044820637574172e-11
F568-3,17.98,2.0922568641721536e-11
F568-V1,0.39,2.6063142808796733e-11
F568-V1,1.18,3.36509927718782e-11
F568-V1,1.95,3.176445525830309e-11
F568-V1,2.74,2.9010674256523768e-11
F568-V1,3.53,2.8643627332287006e-11
F568-V1,4.3,2.836320538316695e-11
F568-V1,5.09,2.7221051968491218e-11
F568-V1,5.87,2.5778634341246483e-11
F568-V1,6.4,2.517545499375546e-11
F568-V1,7.44,2.448009665293168e-11
F568-V1,8.21,2.4130239053342087e-11
F568-V1,9.0,2.3384706314990455e-11
F568-V1,9.72,2.3116311329702595e-11
F568-V1,11.79,2.261942114837364e-11
F568-V1,17.63,1.789099793995472e-11
F574-1,0.47,2.347605839579989e-11
F574-1,1.41,3.231699475070032e-11
F574-1,2.35,3.1527227827208655e-11
F574-1,3.29,2.8228105895184375e-11
F574-1,4.22,2.6544048743162353e-11
F574-1,5.17,2.5648612440415163e-11
F574-1,6.11,2.5115922494699583e-11
F574-1,7.05,2.4212970237009956e-11
F574-1,7.99,2.372599764073223e-11
F574-1,8.92,2.2851693448898332e-11
F574-1,9.87,2.2674282579274232e-11
F574-1,10.79,2.2633464595742382e-11
F574-1,11.8,2.2499596228858593e-11
F574-1,12.6,2.2257492039847173e-11
IC2574,0.85,9.606060632291147e-12
IC2574,1.14,1.0329706437786827e-11
IC2574,1.42,1.0737551273263859e-11
IC2574,1.71,1.157550519986625e-11
IC2574,1.99,1.2450548824297285e-11
IC2574,2.28,1.2539074289562872e-11
IC2574,2.55,1.2884023658767237e-11
IC2574,2.84,1.290967657072944e-11
IC2574,3.13,1.2879226943500216e-11
IC2574,3.41,1.2786350296835918e-11
IC2574,3.7,1.2221476552304183e-11
IC2574,3.98,1.1570125281483523e-11
IC2574,4.26,1.1503222819357797e-11
IC2574,4.55,1.2539119250174252e-11
IC2574,4.84,1.3389359131452226e-11
IC2574,5.12,1.3828552523539703e-11
IC2574,5.41,1.3797072861454815e-11
IC2574,5.68,1.4040797823718203e-11
IC2574,5.97,1.413963576541454e-11
IC2574,6.26,1.4552727450320413e-11
IC2574,6.54,1.4974741372689758e-11
IC2574,6.83,1.4936049484755562e-11
IC2574,7.1,1.4999900423314574e-11
IC2574,7.39,1.4952320260911385e-11
IC2574,7.68,1.51889727713259e-11
IC2574,7.96,1.5293457104588592e-11
IC2574,8.25,1.532330523119154e-11
IC2574,8.52,1.5033942225117397e-11
IC2574,8.81,1.4893355829985683e-11
IC2574,9.1,1.4822632161378786e-11
IC2574,9.38,1.4931055836763476e-11
IC2574,9.67,1.5296884815961325e-11
IC2574,9.96,1.5371202338801343e-11
IC2574,10.23,1.5674057461154075e-11
IC4202,0.77,8.472005950402954e-11
IC4202,1.59,8.296554081110472e-11
IC4202,2.36,7.827391619121759e-11
IC4202,3.13,7.425222821422552e-11
IC4202,3.95,7.187933651492491e-11
IC4202,4.73,7.029837313606193e-11
IC4202,5.5,6.810580937398226e-11
IC4202,6.27,6.59921754323362e-11
IC4202,7.08,6.485397666356648e-11
IC4202,7.86,6.45727217870994e-11
IC4202,8.66,6.430334745187495e-11
IC4202,9.45,6.379853753424103e-11
IC4202,10.24,6.30197127879546e-11
IC4202,11.02,6.202381464651011e-11
IC4202,11.79,6.09346426882694e-11
IC4202,12.47,5.986221137944607e-11
IC4202,13.34,5.845867349638656e-11
IC4202,14.11,5.722022443082445e-11
IC4202,14.59,5.645550883951751e-11
IC4202,14.98,5.5852713541468095e-11
IC4202,15.75,5.464793016626351e-11
IC4202,16.52,5.344371264299848e-11
IC4202,17.1,5.251748052360904e-11
IC4202,17.88,5.126791017656514e-11
IC4202,18.65,5.0060984263808324e-11
IC4202,19.62,4.861358737833862e-11
IC4202,20.78,4.7134329341018056e-11
IC4202,22.13,4.5643305641120995e-11
IC4202,23.0,4.4669717594537064e-11
IC4202,23.58,4.4034937941419834e-11
IC4202,25.03,4.223485953799418e-11
IC4202,25.9,4.116393071128974e-11
NGC0024,0.21,4.8879594639298545e-11
NGC0024,0.32,5.274459554165576e-11
NGC0024,0.43,5.2620532222741313e-11
NGC0024,0.54,5.3496319966509484e-11
NGC0024,0.64,5.3411784769162955e-11
NGC0024,0.74,5.347895759976611e-11
NGC0024,0.85,5.403681847069993e-11
NGC0024,0.96,5.476468435977827e-11
NGC0024,1.07,5.528135276304531e-11
NGC0024,1.17,5.559959866880944e-11
NGC0024,1.28,5.596801680778831e-11
NGC0024,1.38,5.627653351914922e-11
NGC0024,1.48,5.6705062344439574e-11
NGC0024,1.59,5.681574695513841e-11
NGC0024,1.7,5.6833651535698844e-11
NGC0024,1.8,5.653434661419921e-11
NGC0024,1.91,5.61771262886331e-11
NGC0024,2.02,5.554836203840036e-11
NGC0024,2.13,5.49124950717999e-11
NGC0024,2.23,5.427570543780952e-11
NGC0024,2.34,5.371987600600512e-11
NGC0024,2.44,5.31680841272333e-11
NGC0024,2.54,5.254714534840478e-11
NGC0024,2.65,5.188922330698999e-11
NGC0024,2.76,5.1226644736376016e-11
NGC0024,7.07,3.113411434971045e-11
NGC0024,8.49,2.6724205679688875e-11
NGC0024,9.91,2.3126194219655765e-11
NGC0024,11.27,2.0384943404461963e-11
NGC0055,1.23,2.653677860635085e-11
NGC0055,1.84,2.7646331502770252e-11
NGC0055,2.46,2.749660859147949e-11
NGC0055,3.07,2.7456068516274113e-11
NGC0055,3.68,2.7697866031170554e-11
NGC0055,4.3,2.789437901847238e-11
NGC0055,4.91,2.7568231726584536e-11
NGC0055,5.52,2.710295270259501e-11
NGC0055,6.14,2.6536879858168505e-11
NGC0055,6.75,2.593017755076118e-11
NGC0055,7.37,2.5311678496238552e-11
NGC0055,7.98,2.4711545634048378e-11
NGC0055,8.59,2.427082422718464e-11
NGC0055,9.21,2.361291943923366e-11
NGC0055,9.82,2.2802231779183994e-11
NGC0055,10.43,2.1942000224986543e-11
NGC0055,11.05,2.0888113246018518e-11
NGC0055,11.66,1.9911056989446172e-11
NGC0055,12.28,1.9236938050424623e-11
NGC0055,12.89,1.8683314875951e-11
NGC0055,13.5,1.816157125442035e-11
NGC0247,1.08,2.422205467172337e-11
NGC0247,1.61,2.6243581267034023e-11
NGC0247,2.15,2.6554798747141084e-11
NGC0247,2.7,2.641557526511398e-11
NGC0247,3.22,2.6532154915984575e-11
NGC0247,3.77,2.6541619226505407e-11
NGC0247,4.31,2.6530602884615555e-11
NGC0247,4.85,2.6306585626086062e-11
NGC0247,5.38,2.5840948735860602e-11
NGC0247,5.92,2.5520101846886972e-11
NGC0247,6.46,2.535006794505234e-11
NGC0247,6.99,2.531959186462659e-11
NGC0247,7.53,2.5448469351264956e-11
NGC0247,8.07,2.5411971739763406e-11
NGC0247,8.62,2.5332150422726553e-11
NGC0247,9.14,2.5355113005186022e-11
NGC0247,9.69,2.5352630956291568e-11
NGC0247,10.23,2.5271251675164706e-11
NGC0247,10.76,2.5120742223949478e-11
NGC0247,11.3,2.4833003773254713e-11
NGC0247,11.84,2.4368061100670576e-11
NGC0247,12.38,2.3780382475200523e-11
NGC0247,12.91,2.3038778409244927e-11
NGC0247,13.48,2.2168467704926413e-11
NGC0247,14.01,2.13109993112899e-11
NGC0247,14.54,2.0469764451766234e-11
NGC0300,0.91,3.6349763580865285e-11
NGC0300,1.36,3.558250489255398e-11
NGC0300,1.82,3.470989513301799e-11
NGC0300,2.27,3.43354645912774e-11
NGC0300,2.72,3.3603432862267646e-11
NGC0300,3.17,3.244069019345021e-11
NGC0300,3.63,3.1038620772971585e-11
NGC0300,4.08,2.976509551182981e-11
NGC0300,4.54,2.8808395105992745e-11
NGC0300,4.99,2.7637489100299455e-11
NGC0300,5.45,2.641792331466306e-11
NGC0300,5.9,2.5556228786033686e-11
NGC0300,6.36,2.5484094583023107e-11
NGC0300,6.81,2.550041661840379e-11
NGC0300,7.26,2.5323626754428306e-11
NGC0300,7.71,2.4722111229495002e-11
NGC0300,8.17,2.3674158245688288e-11
NGC0300,8.62,2.2555552106175613e-11
NGC0300,9.07,2.1625254128141325e-11
NGC0300,9.53,2.0822848245813164e-11
NGC0300,9.96,1.9856192640228846e-11
NGC0300,10.45,1.885629224324152e-11
NGC0300,10.93,1.7939580006859917e-11
NGC0300,11.32,1.7209150757881478e-11
NGC0300,11.8,1.6606029461936835e-11
NGC0801,1.17,8.54602289680318e-11
NGC0801,1.56,8.530484078818897e-11
NGC0801,1.96,8.492546237477575e-11
NGC0801,2.73,8.406206901053717e-11
NGC0801,3.52,8.240802705956698e-11
NGC0801,10.59,6.40106406538902e-11
NGC0801,17.65,5.225439154152882e-11
NGC0801,24.61,4.496600424199623e-11
NGC0801,31.67,4.0842673110680685e-11
NGC0801,38.74,3.602112574991769e-11
NGC0801,45.8,3.1300893929411725e-11
NGC0801,52.86,2.8031154064301062e-11
NGC0801,59.82,2.605973237142661e-11
NGC0891,0.92,9.3868577283709e-11
NGC0891,2.32,8.923719775225409e-11
NGC0891,3.24,8.727101990730242e-11
NGC0891,4.17,8.292082318933048e-11
NGC0891,5.1,7.838011445380433e-11
NGC0891,6.03,7.425798937943396e-11
NGC0891,6.96,7.070212160632273e-11
NGC0891,7.89,6.706328341440898e-11
NGC0891,8.8,6.438872305160566e-11
NGC0891,9.73,6.108324776787903e-11
NGC0891,10.64,5.836626506188007e-11
NGC0891,11.58,5.595875143047614e-11
NGC0891,12.52,5.343080305651229e-11
NGC0891,13.46,5.162026662728352e-11
NGC0891,14.4,4.964609318244505e-11
NGC0891,15.33,4.7577120147750513e-11
NGC0891,16.27,4.556900414689355e-11
NGC0891,17.11,4.375183092391247e-11
NGC2403,0.16,5.194152215888388e-11
NGC2403,0.26,5.806999223010832e-11
NGC2403,0.36,6.238027836648136e-11
NGC2403,0.46,6.464184315781455e-11
NGC2403,0.56,6.531624221285347e-11
NGC2403,0.66,6.448412188662805e-11
NGC2403,0.76,6.368849840841157e-11
NGC2403,0.86,6.250801334212571e-11
NGC2403,0.96,6.158187288615565e-11
NGC2403,1.06,6.089910165961138e-11
NGC2403,1.16,6.038696622852983e-11
NGC2403,1.27,5.998916967905448e-11
NGC2403,1.36,6.005865484286015e-11
NGC2403,1.47,5.981422447525988e-11
NGC2403,1.57,5.977299655022663e-11
NGC2403,1.67,5.990912934735393e-11
NGC2403,1.77,5.994864203988936e-11
NGC2403,1.87,5.982796923389669e-11
NGC2403,1.97,5.969037775949494e-11
NGC2403,2.08,5.955040314824286e-11
NGC2403,2.18,5.949415065074777e-11
NGC2403,2.28,5.893879274291824e-11
NGC2403,2.37,5.8101963992687886e-11
NGC2403,2.47,5.720282260512821e-11
NGC2403,2.57,5.638090881978371e-11
NGC2403,2.68,5.545944805253108e-11
NGC2403,2.78,5.467186443326332e-11
NGC2403,2.88,5.392091307434603e-11
NGC2403,2.98,5.3249677176767707e-11
NGC2403,3.08,5.269978459386961e-11
NGC2403,3.19,5.2130806280339444e-11
NGC2403,3.29,5.176530832200314e-11
NGC2403,3.39,5.146028562103103e-11
NGC2403,3.49,5.1143539718736677e-11
NGC2403,3.59,5.073639392005937e-11
NGC2403,3.69,5.044752164897622e-11
NGC2403,3.79,5.005582866937681e-11
NGC2403,3.9,4.9541019723059975e-11
NGC2403,3.99,4.910654535954428e-11
NGC2403,4.47,4.702842815639484e-11
NGC2403,4.97,4.493334859723305e-11
NGC2403,5.47,4.293002112361454e-11
NGC2403,5.96,4.092807683025956e-11
NGC2403,6.46,3.902678827283196e-11
NGC2403,6.96,3.7468809919648534e-11
NGC2403,7.45,3.609014964890893e-11
NGC2403,7.95,3.4821410977953035e-11
NGC2403,8.45,3.3760966000590126e-11
NGC2403,8.94,3.285248849893792e-11
NGC2403,9.44,3.199213534563709e-11
NGC2403,9.94,3.1144842110595404e-11
NGC2403,10.43,3.049301209961199e-11
NGC2403,10.93,2.983397829328009e-11
NGC2403,11.43,2.9163229703704644e-11
NGC2403,11.92,2.847345077414274e-11
NGC2403,12.42,2.7855907322598368e-11
NGC2403,12.92,2.723669116896719e-11
NGC2403,13.42,2.652833271446937e-11
NGC2403,13.91,2.5806812171523908e-11
NGC2403,14.41,2.5151891616268182e-11
NGC2403,14.91,2.4534993373415968e-11
NGC2403,15.4,2.393014199414111e-11
NGC2403,15.9,2.3318302562194417e-11
NGC2403,16.4,2.2714792912156475e-11
NGC2403,16.89,2.2085515277659943e-11
NGC2403,17.39,2.1498040564089088e-11
NGC2403,17.89,2.0905853359326462e-11
NGC2403,18.38,2.0347896615966082e-11
NGC2403,18.88,1.979630735879519e-11
NGC2403,19.38,1.936277530347671e-11
NGC2403,19.87,1.9053538921340264e-11
NGC2403,20.37,1.8749829663407958e-11
NGC2403,20.87,1.8467123728996253e-11
NGC2683,2.89,8.084327066265168e-11
NGC2683,5.77,7.262727232852743e-11
NGC2683,8.66,6.061231566621718e-11
NGC2683,11.54,5.340000013711766e-11
NGC2683,14.43,4.5019807730611685e-11
NGC2683,17.31,3.905100379504437e-11
NGC2683,20.2,3.428724015102008e-11
NGC2683,23.08,3.047107300164199e-11
NGC2683,28.85,2.501192696960658e-11
NGC2683,31.74,2.2961752571730936e-11
NGC2683,34.62,2.1234541244079855e-11
NGC2841,3.44,8.808583665207946e-11
NGC2841,3.77,8.682173734847089e-11
NGC2841,4.13,8.564173322582262e-11
NGC2841,4.47,8.458112014934148e-11
NGC2841,4.8,8.359961222898502e-11
NGC2841,5.13,8.269799118972185e-11
NGC2841,5.48,8.18263358720727e-11
NGC2841,5.83,8.094624765105985e-11
NGC2841,6.16,8.015377943537592e-11
NGC2841,6.51,7.959233459618666e-11
NGC2841,6.86,7.904957202970762e-11
NGC2841,7.18,7.850980604604074e-11
NGC2841,7.51,7.797736617217076e-11
NGC2841,7.85,7.753541643024711e-11
NGC2841,8.21,7.70140031998437e-11
NGC2841,8.57,7.636617704844176e-11
NGC2841,8.9,7.572344760290405e-11
NGC2841,9.24,7.497688246269399e-11
NGC2841,9.6,7.416685840808708e-11
NGC2841,9.93,7.349444762524058e-11
NGC2841,10.27,7.286917367030488e-11
NGC2841,10.6,7.226293252311921e-11
NGC2841,10.93,7.167234542767375e-11
NGC2841,11.27,7.104953884297845e-11
NGC2841,12.31,6.893577642778262e-11
NGC2841,14.35,6.427662446447059e-11
NGC2841,16.4,5.961640604909361e-11
NGC2841,18.48,5.5561408167533625e-11
NGC2841,20.57,5.218413076791615e-11
NGC2841,22.51,4.9750600541731776e-11
NGC2841,24.59,4.7123269651436444e-11
NGC2841,26.68,4.423166709217574e-11
NGC2841,28.77,4.158186546486688e-11
NGC2841,30.7,3.945589683922818e-11
NGC2841,32.79,3.756444520002011e-11
NGC2841,34.88,3.606144858971493e-11
NGC2841,36.96,3.482395012856612e-11
NGC2841,38.9,3.37704014167152e-11
NGC2841,40.99,3.263181866465715e-11
NGC2841,43.08,3.1495868012750414e-11
NGC2841,45.16,3.031008100334207e-11
NGC2841,47.1,2.913376109474061e-11
NGC2841,49.19,2.7936835750774545e-11
NGC2841,51.27,2.6914434556040945e-11
NGC2841,53.36,2.6111189897228864e-11
NGC2841,55.3,2.5583831778922225e-11
NGC2841,57.38,2.5118488657375964e-11
NGC2841,59.47,2.4685787267426886e-11
NGC2841,61.56,2.4187948324229323e-11
NGC2841,63.64,2.3627329399908868e-11
NGC2915,0.34,6.632555911359863e-11
NGC2915,0.67,5.802746699839569e-11
NGC2915,1.0,5.027369451414764e-11
NGC2915,1.34,4.39162109480652e-11
NGC2915,1.68,3.854239264923452e-11
NGC2915,2.01,3.431566428572395e-11
NGC2915,2.34,3.091700503923867e-11
NGC2915,2.67,2.8093911634442663e-11
NGC2915,3.01,2.5534437229665554e-11
NGC2915,3.35,2.3379319678743416e-11
NGC2915,3.68,2.1839459289639305e-11
NGC2915,4.02,2.0680317954660408e-11
NGC2915,4.35,1.9845005718581673e-11
NGC2915,4.68,1.91025918823076e-11
NGC2915,5.02,1.8297993550276793e-11
NGC2915,5.35,1.7461946345174042e-11
NGC2915,5.69,1.6593837729450935e-11
NGC2915,6.03,1.5819838435338258e-11
NGC2915,6.36,1.530996062586178e-11
NGC2915,6.69,1.5012131310026913e-11
NGC2915,7.02,1.4865463324341968e-11
NGC2915,7.36,1.470468936705078e-11
NGC2915,7.7,1.4305173567607035e-11
NGC2915,8.03,1.4047222107281808e-11
NGC2915,8.37,1.3846277038107323e-11
NGC2915,8.7,1.3635422986895815e-11
NGC2915,9.03,1.3490924589283044e-11
NGC2915,9.37,1.3271700726282145e-11
NGC2915,9.7,1.3114080999219293e-11
NGC2915,10.04,1.2840072479597774e-11
NGC2955,0.75,9.10858561845619e-11
NGC2955,1.55,9.03219658194763e-11
NGC2955,2.3,8.897140341710491e-11
NGC2955,3.06,8.828657636663898e-11
NGC2955,3.85,8.695781820929134e-11
NGC2955,4.61,8.541294696100399e-11
NGC2955,5.36,8.369775795534926e-11
NGC2955,6.12,8.198785286005668e-11
NGC2955,6.91,8.038992010290893e-11
NGC2955,7.66,7.911808104231685e-11
NGC2955,8.42,7.755225208989511e-11
NGC2955,8.86,7.652543193977299e-11
NGC2955,9.21,7.56592408456175e-11
NGC2955,10.82,7.187547264813675e-11
NGC2955,11.56,7.025570481249894e-11
NGC2955,12.4,6.849584067512296e-11
NGC2955,14.17,6.570873458753393e-11
NGC2955,16.88,6.14713139109274e-11
NGC2955,19.49,5.851186738310521e-11
NGC2955,22.19,5.501321116150716e-11
NGC2955,24.8,5.177605792250599e-11
NGC2955,27.51,4.854663670824728e-11
NGC2955,30.12,4.5741086937021967e-11
NGC2955,35.43,4.119582359926378e-11
NGC2976,0.11,3.77477435195001e-11
NGC2976,0.17,3.8952234150312904e-11
NGC2976,0.24,4.090899630282161e-11
NGC2976,0.31,4.217186323825236e-11
NGC2976,0.38,4.2985374086685947e-11
NGC2976,0.45,4.3722211212800965e-11
NGC2976,0.52,4.4562368556723936e-11
NGC2976,0.59,4.543749343206269e-11
NGC2976,0.66,4.622289673514313e-11
NGC2976,0.73,4.693224670567151e-11
NGC2976,0.8,4.757266500429804e-11
NGC2976,0.87,4.819698132585602e-11
NGC2976,0.94,4.897801308058455e-11
NGC2976,1.01,5.0123774271469314e-11
NGC2976,1.08,5.133658667650289e-11
NGC2976,1.14,5.2300586975818027e-11
NGC2976,1.21,5.360180588467235e-11
NGC2976,1.29,5.497378852881754e-11
NGC2976,1.35,5.592962263654352e-11
NGC2976,1.42,5.6797007077863556e-11
NGC2976,1.49,5.754027940875933e-11
NGC2976,1.56,5.81803340631485e-11
NGC2976,1.63,5.848581025695776e-11
NGC2976,1.74,5.844829533451143e-11
NGC2976,1.93,5.590027765344297e-11
NGC2976,2.1,5.3488488361223195e-11
NGC2976,2.27,5.151754558942621e-11
NGC2998,0.33,6.385792048653894e-11
NGC2998,0.99,7.027587560877295e-11
NGC2998,1.98,7.035743047817003e-11
NGC2998,2.64,7.081035653534991e-11
NGC2998,3.63,7.345542445122103e-11
NGC2998,7.59,6.528529346257884e-11
NGC2998,12.5,5.579311376270876e-11
NGC2998,17.48,4.852447690799039e-11
NGC2998,22.46,4.150758479900089e-11
NGC2998,27.44,3.710362023403666e-11
NGC2998,32.32,3.3756060917044075e-11
NGC2998,37.3,3.059423700168259e-11
NGC2998,42.28,2.768410926800391e-11
NGC3109,0.26,7.714034740230122e-12
NGC3109,0.52,9.669634666468285e-12
NGC3109,0.77,1.3145888357955205e-11
NGC3109,1.03,1.4932594779579088e-11
NGC3109,1.29,1.6496906373062685e-11
NGC3109,1.55,1.7483439647091837e-11
NGC3109,1.81,1.81684128683876e-11
NGC3109,2.06,1.8496563429680298e-11
NGC3109,2.32,1.8316811181566156e-11
NGC3109,2.58,1.798965028651669e-11
NGC3109,2.84,1.7669324039910973e-11
NGC3109,3.1,1.7415176072472806e-11
NGC3109,3.35,1.7326810281221e-11
NGC3109,3.61,1.718551264020233e-11
NGC3109,3.87,1.6524404054616685e-11
NGC3109,4.13,1.5893197858551667e-11
NGC3109,4.38,1.5677444499171345e-11
NGC3109,4.64,1.5500211326383618e-11
NGC3109,4.9,1.539355199165944e-11
NGC3109,5.16,1.5285205752088472e-11
NGC3109,5.42,1.530238484470692e-11
NGC3109,5.67,1.5319949847478977e-11
NGC3109,5.93,1.5028229937354948e-11
NGC3109,6.19,1.4613358093563296e-11
NGC3109,6.45,1.422487211236622e-11
NGC3198,0.32,7.576967400436412e-11
NGC3198,0.64,6.951189441354541e-11
NGC3198,0.96,6.499661475826923e-11
NGC3198,1.28,6.160861070605651e-11
NGC3198,1.61,5.824633859249914e-11
NGC3198,1.93,5.4663482011606354e-11
NGC3198,2.24,5.366465921742078e-11
NGC3198,2.57,5.2040962627564284e-11
NGC3198,2.89,5.0081912442295685e-11
NGC3198,3.21,5.009039732154253e-11
NGC3198,3.54,5.100239189912083e-11
NGC3198,3.85,5.194627146012733e-11
NGC3198,4.17,5.271721799225261e-11
NGC3198,4.5,5.28792336309285e-11
NGC3198,4.82,5.3093131847530644e-11
NGC3198,5.15,5.305393939091459e-11
NGC3198,5.46,5.3054017289502654e-11
NGC3198,5.78,5.294240074008987e-11
NGC3198,6.1,5.278231763821606e-11
NGC3198,6.43,5.250510771203138e-11
NGC3198,6.74,5.185244414316419e-11
NGC3198,7.06,5.077922230437818e-11
NGC3198,8.04,4.751931104298761e-11
NGC3198,9.04,4.466998050747388e-11
NGC3198,10.04,4.2642382831357797e-11
NGC3198,11.04,4.112635179697502e-11
NGC3198,12.05,3.9701065460594725e-11
NGC3198,14.05,3.6442093324400434e-11
NGC3198,16.07,3.2786884221084105e-11
NGC3198,18.13,2.999318574066918e-11
NGC3198,20.05,2.8159330557324942e-11
NGC3198,22.12,2.6299205207940817e-11
NGC3198,24.03,2.472450291092949e-11
NGC3198,26.1,2.3431176090596737e-11
NGC3198,28.16,2.2369666655462916e-11
NGC3198,30.08,2.126180848475101e-11
NGC3198,32.14,2.0121539158987853e-11
NGC3198,34.06,1.931298207131771e-11
NGC3198,36.12,1.8675379155151807e-11
NGC3198,38.19,1.808663982553381e-11
NGC3198,40.1,1.7592589170560257e-11
NGC3198,42.17,1.7226216235790065e-11
NGC3198,44.08,1.653286438923139e-11
NGC3726,3.5,5.6313288087038667e-11
NGC3726,5.24,5.5242184131609775e-11
NGC3726,6.98,5.322095754783443e-11
NGC3726,8.72,5.093916093561041e-11
NGC3726,10.47,4.6795267833204204e-11
NGC3726,12.19,4.362928542931666e-11
NGC3726,13.94,4.1360543677105353e-11
NGC3726,16.03,3.8339633280157306e-11
NGC3726,22.3,2.967787198589502e-11
NGC3726,27.52,2.4428343385141368e-11
NGC3726,30.08,2.2465314888475126e-11
NGC3726,32.52,2.091895437013937e-11
NGC3741,0.23,2.8514000377323874e-11
NGC3741,0.47,2.5769674640460846e-11
NGC3741,0.7,2.24059336425266e-11
NGC3741,0.93,1.9829656180375224e-11
NGC3741,1.17,1.7615405025106053e-11
NGC3741,1.4,1.6009483648538216e-11
NGC3741,1.64,1.4817777523795586e-11
NGC3741,1.87,1.381461961914323e-11
NGC3741,2.1,1.2999586062682523e-11
NGC3741,2.33,1.2674897995857989e-11
NGC3741,2.57,1.2513051139013626e-11
NGC3741,2.8,1.2479873025559137e-11
NGC3741,3.26,1.2088839068637083e-11
NGC3741,3.73,1.1585250461236323e-11
NGC3741,4.21,1.1430250076434796e-11
NGC3741,4.67,1.1138725111235317e-11
NGC3741,5.14,1.0826273539335229e-11
NGC3741,5.61,1.0361935901063757e-11
NGC3741,6.07,9.897096120841906e-12
NGC3741,6.54,9.404018993244811e-12
NGC3741,7.0,8.961308716315194e-12
NGC3769,1.74,6.492216719956668e-11
NGC3769,3.5,5.6186859947524436e-11
NGC3769,5.24,4.7248349354124733e-11
NGC3769,6.98,4.0502991006299184e-11
NGC3769,8.72,3.527069030922825e-11
NGC3769,10.47,3.101898895497993e-11
NGC3769,12.31,2.7329155324882877e-11
NGC3769,14.52,2.4116320196015854e-11
NGC3769,17.07,2.1638361974501124e-11
NGC3769,31.82,1.3735029360883494e-11
NGC3769,34.61,1.2735924532511296e-11
NGC3769,37.16,1.1941531361828666e-11
NGC3877,0.87,7.141488683640204e-11
NGC3877,1.74,6.379077410872205e-11
NGC3877,2.61,5.879984225050081e-11
NGC3877,3.5,5.6798184984492114e-11
NGC3877,4.37,5.598345483634067e-11
NGC3877,5.24,5.660285480776879e-11
NGC3877,6.11,5.837869737754406e-11
NGC3877,6.98,5.840445810341483e-11
NGC3877,7.85,5.7173807122532676e-11
NGC3877,8.72,5.593144700000273e-11
NGC3877,9.6,5.4481205047236084e-11
NGC3877,10.47,5.193560254243944e-11
NGC3877,11.35,4.9686348975096355e-11
NGC3893,1.74,8.333431783121687e-11
NGC3893,3.5,7.447859481044873e-11
NGC3893,5.24,6.837533958754244e-11
NGC3893,6.98,6.050063638792495e-11
NGC3893,8.81,5.4315104806851095e-11
NGC3893,10.9,4.840647725486116e-11
NGC3893,13.12,4.28633075574521e-11
NGC3893,15.33,3.810167168932782e-11
NGC3893,17.3,3.485948696170637e-11
NGC3893,19.05,3.2491579332215815e-11
NGC3917,0.87,4.0647407275396665e-11
NGC3917,1.74,3.888822876165958e-11
NGC3917,2.61,4.002148153297594e-11
NGC3917,3.5,4.186061805170867e-11
NGC3917,4.37,4.324162073627171e-11
NGC3917,5.24,4.4207277099039013e-11
NGC3917,6.11,4.41211209768384e-11
NGC3917,6.98,4.3367122685937184e-11
NGC3917,7.85,4.227442765059888e-11
NGC3917,8.72,4.0520369433499444e-11
NGC3917,9.6,3.941469286706581e-11
NGC3917,10.47,3.795983098897836e-11
NGC3917,11.35,3.6470695159466365e-11
NGC3917,12.19,3.4914361495510024e-11
NGC3917,13.12,3.280140010241394e-11
NGC3917,13.94,3.127727270109331e-11
NGC3917,14.86,2.939108318361201e-11
NGC3949,1.74,7.560879285663522e-11
NGC3949,2.61,7.389477151200195e-11
NGC3949,3.5,7.195395556003568e-11
NGC3949,4.37,6.680402588149985e-11
NGC3949,5.24,6.23717178020622e-11
NGC3949,6.11,5.7828417251465504e-11
NGC3949,7.07,5.37955027214787e-11
NGC3953,3.5,7.499522028846076e-11
NGC3953,5.24,7.076876765478796e-11
NGC3953,6.98,6.749210524089456e-11
NGC3953,8.72,6.592627280407081e-11
NGC3953,10.47,6.336435609941488e-11
NGC3953,12.19,6.031784645619975e-11
NGC3953,13.94,5.690440404724809e-11
NGC3953,15.68,5.279440118379159e-11
NGC3972,0.87,5.0021755277592415e-11
NGC3972,1.74,4.671589472932688e-11
NGC3972,2.61,4.6412256043839856e-11
NGC3972,3.5,4.59482147120185e-11
NGC3972,4.37,4.4373148253000447e-11
NGC3972,5.24,4.551257304583566e-11
NGC3972,6.11,4.551204903772535e-11
NGC3972,6.98,4.2792169317418036e-11
NGC3972,7.85,3.98366962735554e-11
NGC3972,8.72,3.6977504789690556e-11
NGC3992,9.19,6.35465276370055e-11
NGC3992,13.79,6.078633476167831e-11
NGC3992,18.35,5.5757408616515327e-11
NGC3992,22.94,5.089463171113115e-11
NGC3992,27.52,4.470489512475869e-11
NGC3992,32.11,3.9331051931807484e-11
NGC3992,36.7,3.522658556697105e-11
NGC3992,41.44,3.176421868077145e-11
NGC3992,46.02,2.90158921066524e-11
NGC4010,0.87,3.4779098056315404e-11
NGC4010,1.74,4.504289052810575e-11
NGC4010,2.61,4.725241338127821e-11
NGC4010,3.5,4.647323117337639e-11
NGC4010,4.37,4.458145157985837e-11
NGC4010,5.24,4.224469473541382e-11
NGC4010,6.11,4.052853127536728e-11
NGC4010,6.98,3.925860030627146e-11
NGC4010,7.85,3.817915528126414e-11
NGC4010,8.72,3.665518203771977e-11
NGC4010,9.6,3.439908923490802e-11
NGC4010,10.47,3.219688388909876e-11
NGC4013,5.49,6.634371254775539e-11
NGC4013,6.17,6.546297747764775e-11
NGC4013,6.92,6.411077149979944e-11
NGC4013,7.69,6.252042804588147e-11
NGC4013,8.36,6.090161588541263e-11
NGC4013,9.12,5.883359854512344e-11
NGC4013,9.88,5.6247353856977096e-11
NGC4013,10.56,5.345259154291205e-11
NGC4013,11.31,5.061291090323945e-11
NGC4013,12.08,4.8014461520940566e-11
NGC4013,12.77,4.595025056567942e-11
NGC4013,13.47,4.412017191477929e-11
NGC4013,14.17,4.2442087564603824e-11
NGC4013,14.98,4.06474338833975e-11
NGC4013,15.68,3.9147971489493595e-11
NGC4013,16.37,3.774105211584679e-11
NGC4013,17.19,3.6187616672580194e-11
NGC4013,17.88,3.4947921003165357e-11
NGC4013,18.58,3.378309540195888e-11
NGC4013,19.39,3.2568966485442485e-11
NGC4013,20.09,3.158031193404643e-11
NGC4013,20.79,3.0632202824002326e-11
NGC4013,21.48,2.9779656537135826e-11
NGC4013,22.3,2.8875719031659845e-11
NGC4013,22.99,2.817951154535116e-11
NGC4013,23.69,2.7546607077696985e-11
NGC4013,24.39,2.703787694311985e-11
NGC4013,25.2,2.643716192747386e-11
NGC4013,25.9,2.5829964034129522e-11
NGC4013,26.59,2.5245585242728003e-11
NGC4013,27.41,2.4570926141490336e-11
NGC4013,28.1,2.4009977475609726e-11
NGC4013,28.8,2.348407265626533e-11
NGC4013,29.61,2.2908312435067572e-11
NGC4013,30.31,2.2465716460787406e-11
NGC4013,31.01,2.1915486289040208e-11
NGC4051,1.74,7.760392015478886e-11
NGC4051,3.5,5.95006651937903e-11
NGC4051,5.24,5.55844526391476e-11
NGC4051,6.98,5.715052542300758e-11
NGC4051,8.72,5.637089314880128e-11
NGC4051,10.47,5.1163589572715065e-11
NGC4051,12.19,4.677179984830631e-11
NGC4068,0.21,1.7748999281202153e-11
NGC4068,0.64,2.4664647851541672e-11
NGC4068,1.06,2.5936877669206622e-11
NGC4068,1.48,2.6586389649972988e-11
NGC4068,1.91,2.7184884991008158e-11
NGC4068,2.33,2.6142232872087316e-11
NGC4085,0.87,6.633325125579693e-11
NGC4085,1.74,6.545515593172586e-11
NGC4085,2.71,6.113557110719289e-11
NGC4085,3.58,5.8143248330898476e-11
NGC4085,4.45,5.615284178224832e-11
NGC4085,5.32,5.2103263282157527e-11
NGC4085,6.2,4.721641610831585e-11
NGC4088,1.74,6.310944390256124e-11
NGC4088,3.5,6.047170984510294e-11
NGC4088,5.24,6.382812317237089e-11
NGC4088,6.98,6.257655649943794e-11
NGC4088,8.72,5.67410670027798e-11
NGC4088,10.47,5.2411377593671406e-11
NGC4088,12.19,4.889432994664834e-11
NGC4088,13.94,4.428218378508492e-11
NGC4088,15.68,4.052396730472841e-11
NGC4088,17.42,3.74202774087016e-11
NGC4088,19.28,3.45151814697555e-11
NGC4088,21.48,3.1509328334625825e-11
NGC4100,2.61,6.666997962600765e-11
NGC4100,3.5,6.405764351936727e-11
NGC4100,4.37,6.447493274717188e-11
NGC4100,5.24,6.66849701520312e-11
NGC4100,6.11,6.753206876240083e-11
NGC4100,6.98,6.701646670715258e-11
NGC4100,7.85,6.369644503618874e-11
NGC4100,8.72,6.057597859719326e-11
NGC4100,9.6,5.6915405805115136e-11
NGC4100,10.47,5.3411002555812487e-11
NGC4100,11.35,5.057880265445432e-11
NGC4100,12.19,4.8513192564487906e-11
NGC4100,13.12,4.6396520395103456e-11
NGC4100,13.94,4.4432499896447706e-11
NGC4100,14.86,4.2418098960718035e-11
NGC4100,15.68,4.080820619638711e-11
NGC4100,16.61,3.917390992729363e-11
NGC4100,17.42,3.781929395828913e-11
NGC4100,18.35,3.6274622789709254e-11
NGC4100,19.16,3.4930127730661926e-11
NGC4100,20.09,3.348903613873434e-11
NGC4100,21.02,3.215879360100338e-11
NGC4100,21.95,3.093506797897528e-11
NGC4100,22.76,2.989425167024047e-11
NGC4138,2.61,8.376813931196826e-11
NGC4138,5.24,6.880850525426559e-11
NGC4138,7.85,5.579246657617696e-11
NGC4138,10.65,4.531113251604846e-11
NGC4138,13.47,3.785902241633695e-11
NGC4138,16.03,3.301025524860696e-11
NGC4138,18.58,2.929557211382353e-11
NGC4157,1.74,6.96684710319559e-11
NGC4157,3.5,7.183451022793363e-11
NGC4157,5.24,6.785056092948789e-11
NGC4157,6.98,6.409040943525254e-11
NGC4157,8.72,6.103652106848242e-11
NGC4157,10.47,5.570696380373005e-11
NGC4157,12.19,5.0786314050698357e-11
NGC4157,13.94,4.618194220422793e-11
NGC4157,15.68,4.218311475557393e-11
NGC4157,17.42,3.953490367691089e-11
NGC4157,19.16,3.6668956462693227e-11
NGC4157,20.9,3.395430235099844e-11
NGC4157,22.65,3.250418040241374e-11
NGC4157,24.39,3.0485192219499703e-11
NGC4157,26.13,2.8562634194008988e-11
NGC4157,27.87,2.6863604560803838e-11
NGC4157,29.61,2.5409243999814297e-11
NGC4183,0.87,4.07110008064504e-11
NGC4183,1.74,3.724793863130234e-11
NGC4183,2.61,3.6613212397510383e-11
NGC4183,3.5,3.413434669782383e-11
NGC4183,4.37,3.421108154600874e-11
NGC4183,5.24,3.397609301561608e-11
NGC4183,6.11,3.355975960540654e-11
NGC4183,6.98,3.3178745558861925e-11
NGC4183,7.85,3.313540292921098e-11
NGC4183,8.72,3.311437074285063e-11
NGC4183,9.6,3.168825113486683e-11
NGC4183,10.47,3.002561300355183e-11
NGC4183,11.35,2.91890951398326e-11
NGC4183,12.31,2.7105379615054182e-11
NGC4183,13.12,2.548475482701958e-11
NGC4183,14.05,2.416589734819343e-11
NGC4183,14.98,2.3326995032398528e-11
NGC4183,16.03,2.2114023506169728e-11
NGC4183,16.95,2.0890663040756704e-11
NGC4183,17.88,2.0320062563107853e-11
NGC4183,18.93,1.9397554185557006e-11
NGC4183,19.97,1.8429943818443373e-11
NGC4183,21.02,1.770847730823976e-11
NGC4217,0.87,7.829434836110911e-11
NGC4217,1.74,7.868220471448232e-11
NGC4217,2.61,7.802014042692631e-11
NGC4217,3.5,7.546079150896823e-11
NGC4217,4.37,7.023266965368516e-11
NGC4217,5.24,6.530232358183009e-11
NGC4217,6.11,6.121177130973028e-11
NGC4217,6.98,5.747604030597954e-11
NGC4217,7.85,5.4688458639769386e-11
NGC4217,8.72,5.123811862555932e-11
NGC4217,9.6,4.800894540230265e-11
NGC4217,10.47,4.532360784385576e-11
NGC4217,11.35,4.293695341225639e-11
NGC4217,12.19,4.073047033826746e-11
NGC4217,13.12,3.8578040818694745e-11
NGC4217,13.94,3.6768284517285155e-11
NGC4217,14.86,3.4948919255044956e-11
NGC4217,15.79,3.343675142070548e-11
NGC4217,16.72,3.2210668632399355e-11
NGC5005,0.49,9.746867946007764e-11
NGC5005,0.98,9.625563561114326e-11
NGC5005,1.47,9.385428258492134e-11
NGC5005,1.97,9.148938010416025e-11
NGC5005,2.46,8.994677790919202e-11
NGC5005,2.95,8.867081735617895e-11
NGC5005,3.44,8.742030565048486e-11
NGC5005,3.93,8.570420983039505e-11
NGC5005,4.42,8.387890133747306e-11
NGC5005,4.92,8.230643779135255e-11
NGC5005,5.74,7.999357111957177e-11
NGC5005,6.56,7.788490872189692e-11
NGC5005,7.37,7.559957921330991e-11
NGC5005,8.19,7.354850299280714e-11
NGC5005,9.01,7.168183734096863e-11
NGC5005,9.83,6.956841604926804e-11
NGC5005,10.65,6.71305109012822e-11
NGC5005,11.47,6.456181986491163e-11
NGC5055,0.72,9.18111430499319e-11
NGC5055,1.43,8.880045769423015e-11
NGC5055,2.16,8.638100039702943e-11
NGC5055,2.87,8.456252891173154e-11
NGC5055,3.59,8.098433384928892e-11
NGC5055,4.3,7.831070879071487e-11
NGC5055,5.03,7.61577011375781e-11
NGC5055,5.75,7.442295253817858e-11
NGC5055,6.46,7.304226277314663e-11
NGC5055,7.18,7.091441115560156e-11
NGC5055,7.91,6.887808467873191e-11
NGC5055,8.62,6.696216663346053e-11
NGC5055,11.49,5.932575101693959e-11
NGC5055,14.3,5.3302682520211144e-11
NGC5055,17.19,4.7945980269705017e-11
NGC5055,20.07,4.262034430355674e-11
NGC5055,22.96,3.81151620976335e-11
NGC5055,25.85,3.446367374209132e-11
NGC5055,28.74,3.166254761799227e-11
NGC5055,31.62,2.9411562531375586e-11
NGC5055,34.51,2.7595827694639035e-11
NGC5055,37.4,2.5681534204141214e-11
NGC5055,40.29,2.4291079762519058e-11
NGC5055,43.17,2.3075670795054702e-11
NGC5055,45.92,2.2135559450914608e-11
NGC5055,48.81,2.107688640723519e-11
NGC5055,51.7,2.005775011245698e-11
NGC5055,54.59,1.9014995630011724e-11
NGC5907,5.03,6.515659477875419e-11
NGC5907,7.55,6.325985463384454e-11
NGC5907,10.07,6.140133599913766e-11
NGC5907,12.58,5.855725221743685e-11
NGC5907,15.1,5.4344732244928355e-11
NGC5907,17.61,5.082582567290808e-11
NGC5907,20.13,4.7850793817463205e-11
NGC5907,22.65,4.507786641566215e-11
NGC5907,25.16,4.1586683157354484e-11
NGC5907,27.68,3.907137722826703e-11
NGC5907,30.2,3.743760120936067e-11
NGC5907,32.71,3.507760894290192e-11
NGC5907,35.23,3.348407753595628e-11
NGC5907,37.75,3.147265612302151e-11
NGC5907,40.26,3.005721587428782e-11
NGC5907,42.78,2.8425390941046057e-11
NGC5907,45.29,2.7166607198808027e-11
NGC5907,47.81,2.5994495385523282e-11
NGC5907,50.33,2.522063572086061e-11
NGC6195,1.33,9.247262285002607e-11
NGC6195,2.34,8.960308414349265e-11
NGC6195,3.33,8.667429745152123e-11
NGC6195,4.34,8.41120527764279e-11
NGC6195,5.35,8.168136142868696e-11
NGC6195,6.34,7.977679369365448e-11
NGC6195,7.34,7.79175542797889e-11
NGC6195,8.32,7.597156667557244e-11
NGC6195,9.34,7.386683684281473e-11
NGC6195,10.38,7.215145436162999e-11
NGC6195,11.36,7.053248321779717e-11
NGC6195,12.34,6.890128943739685e-11
NGC6195,13.32,6.763456333033624e-11
NGC6195,14.3,6.669251486510628e-11
NGC6195,15.47,6.579975121973913e-11
NGC6195,16.35,6.49306478591058e-11
NGC6195,17.92,6.336896762992884e-11
NGC6195,19.1,6.233117989077945e-11
NGC6195,22.52,5.860276611277328e-11
NGC6195,26.05,5.384468945438999e-11
NGC6195,29.48,4.9374641213009474e-11
NGC6195,33.0,4.54960084989145e-11
NGC6195,36.43,4.275145488265408e-11
NGC6503,0.76,6.434051046167042e-11
NGC6503,1.52,7.138859389011925e-11
NGC6503,2.28,6.956475485766437e-11
NGC6503,3.04,6.275218164668081e-11
NGC6503,3.79,5.564589998157687e-11
NGC6503,4.55,4.9640353474515945e-11
NGC6503,5.31,4.48980301356235e-11
NGC6503,6.07,4.1027196875084105e-11
NGC6503,6.83,3.801995711618167e-11
NGC6503,7.59,3.543283501398904e-11
NGC6503,8.35,3.3056343437892784e-11
NGC6503,9.11,3.108132488052639e-11
NGC6503,9.86,2.9497366259987836e-11
NGC6503,10.64,2.7999356674127772e-11
NGC6503,11.38,2.670149027347296e-11
NGC6503,12.12,2.557512648501705e-11
NGC6503,12.86,2.459815475114938e-11
NGC6503,13.7,2.3545756383997327e-11
NGC6503,14.44,2.25917494592332e-11
NGC6503,15.18,2.167647295355508e-11
NGC6503,15.91,2.0866402150499194e-11
NGC6503,16.65,2.018586675369211e-11
NGC6503,17.49,1.9413659621033904e-11
NGC6503,18.23,1.8728072797615237e-11
NGC6503,18.97,1.804233875119988e-11
NGC6503,19.71,1.745892150556114e-11
NGC6503,20.45,1.6929785787920484e-11
NGC6503,21.29,1.6374837595359835e-11
NGC6503,22.03,1.589015185869475e-11
NGC6503,22.76,1.5441022771007907e-11
NGC6503,23.5,1.498763369799343e-11
NGC6674,2.5,8.405683247438339e-11
NGC6674,7.49,7.18596774339686e-11
NGC6674,12.54,6.408921016618263e-11
NGC6674,17.45,5.6092334045948565e-11
NGC6674,22.47,4.931841947398817e-11
NGC6674,27.48,4.393253345728959e-11
NGC6674,32.5,3.911603303592983e-11
NGC6674,37.51,3.512394130137615e-11
NGC6674,42.42,3.201819425857687e-11
NGC6674,47.44,2.92795867185432e-11
NGC6674,52.45,2.6780122883335897e-11
NGC6674,57.47,2.496450871154425e-11
NGC6674,62.48,2.3323643032732868e-11
NGC6674,67.4,2.1715016549932605e-11
NGC6674,72.41,2.0201578771495022e-11
NGC6789,0.1,2.94399715663558e-11
NGC6789,0.3,3.7954559676585187e-11
NGC6789,0.51,3.6961111994464885e-11
NGC6789,0.71,3.385723159872573e-11
NGC7331,2.67,8.723466930936797e-11
NGC7331,3.21,8.64348586676115e-11
NGC7331,3.74,8.575016238084883e-11
NGC7331,4.27,8.423402810277701e-11
NGC7331,4.81,8.253422750940613e-11
NGC7331,5.35,8.124550266360742e-11
NGC7331,5.88,7.940026850301062e-11
NGC7331,6.41,7.769644871976151e-11
NGC7331,7.48,7.40508901927108e-11
NGC7331,8.55,6.98659330928041e-11
NGC7331,9.62,6.65854888143119e-11
NGC7331,10.66,6.367844577402226e-11
NGC7331,11.74,6.086628422988388e-11
NGC7331,12.83,5.853218862150709e-11
NGC7331,13.91,5.6326663564236246e-11
NGC7331,15.0,5.412073798682728e-11
NGC7331,16.08,5.213214365279304e-11
NGC7331,17.07,5.0564118621136846e-11
NGC7331,18.15,4.919866682667569e-11
NGC7331,19.24,4.801691811855127e-11
NGC7331,20.32,4.6769012243428645e-11
NGC7331,21.41,4.528438500854513e-11
NGC7331,22.49,4.389096989262001e-11
NGC7331,23.48,4.271602755170637e-11
NGC7331,24.57,4.12619058259542e-11
NGC7331,25.65,3.9930144849092753e-11
NGC7331,26.74,3.8717722185771576e-11
NGC7331,27.82,3.7512049892759e-11
NGC7331,28.91,3.628913943758293e-11
NGC7331,29.89,3.521098865040611e-11
NGC7331,30.98,3.407892129308547e-11
NGC7331,32.06,3.309503860499213e-11
NGC7331,33.15,3.224419858728505e-11
NGC7331,34.23,3.143041420778713e-11
NGC7331,35.32,3.05847752458443e-11
NGC7331,36.31,2.9722254011717147e-11
NGC7793,0.11,6.562335909057185e-11
NGC7793,0.14,6.470159425230735e-11
NGC7793,0.17,6.402333807780265e-11
NGC7793,0.21,6.372937593904353e-11
NGC7793,0.24,6.36403964207208e-11
NGC7793,0.28,6.334447531184094e-11
NGC7793,0.32,6.312526789527162e-11
NGC7793,0.35,6.302205215660426e-11
NGC7793,0.39,6.286875068585662e-11
NGC7793,0.42,6.271266506842733e-11
NGC7793,0.46,6.260374962562332e-11
NGC7793,0.49,6.258384960199342e-11
NGC7793,0.53,6.264763820455688e-11
NGC7793,0.56,6.258943770957744e-11
NGC7793,0.6,6.221165816865424e-11
NGC7793,0.63,6.194200371419864e-11
NGC7793,0.66,6.176059637652254e-11
NGC7793,0.7,6.15987690645307e-11
NGC7793,0.87,6.057477714668601e-11
NGC7793,1.05,5.915510060011318e-11
NGC7793,1.22,5.7941436076626255e-11
NGC7793,1.4,5.7104037569587354e-11
NGC7793,1.57,5.677995901543365e-11
NGC7793,1.75,5.6610302889010734e-11
NGC7793,1.92,5.705361926840868e-11
NGC7793,2.1,5.7442411138377713e-11
NGC7793,2.27,5.7525303416636945e-11
NGC7793,2.45,5.653282842011448e-11
NGC7793,2.62,5.540226174637027e-11
NGC7793,2.79,5.46633038496447e-11
NGC7793,2.97,5.3991269482237536e-11
NGC7793,3.16,5.3171668181472326e-11
NGC7793,3.33,5.22396798685658e-11
NGC7793,3.51,5.127162323508558e-11
NGC7793,3.68,5.04367299239848e-11
NGC7793,3.85,4.938305129365e-11
NGC7793,4.03,4.8315679282143805e-11
NGC7793,4.2,4.724759735140538e-11
NGC7793,4.38,4.616454862883984e-11
NGC7793,4.73,4.4356942686743376e-11
NGC7793,5.25,4.211048029908306e-11
NGC7793,5.78,3.953929202550872e-11
NGC7793,6.3,3.7343331161990425e-11
NGC7793,6.82,3.5416240431791795e-11
NGC7793,7.35,3.330028191629091e-11
NGC7793,7.87,3.139936104997892e-11
NGC7814,0.63,9.950167257010989e-11
NGC7814,1.72,9.503878584434962e-11
NGC7814,2.79,8.965555889940192e-11
NGC7814,3.91,8.426278531950567e-11
NGC7814,5.03,7.904556348468035e-11
NGC7814,6.14,7.390487746747797e-11
NGC7814,7.26,6.90405474372604e-11
NGC7814,8.37,6.48293452767983e-11
NGC7814,9.5,6.089552596079057e-11
NGC7814,10.65,5.727557150603002e-11
NGC7814,11.74,5.412010067922094e-11
NGC7814,12.82,5.117528132428921e-11
NGC7814,14.01,4.8138352775149995e-11
NGC7814,15.09,4.5751495748584354e-11
NGC7814,16.18,4.3614923184355756e-11
NGC7814,17.36,4.1399849006164115e-11
NGC7814,18.44,3.9547263519490206e-11
NGC7814,19.53,3.783997173535191e-11
UGC00128,1.25,3.230398911834718e-11
UGC00128,3.75,3.146493632747378e-11
UGC00128,6.25,2.6219225918824362e-11
UGC00128,8.76,2.3466839836686083e-11
UGC00128,11.25,2.195912056987657e-11
UGC00128,13.74,2.158610725832232e-11
UGC00128,16.22,2.1092484388462e-11
UGC00128,18.71,2.0401576221204517e-11
UGC00128,21.3,1.969181632160361e-11
UGC00128,23.79,1.9156333772592225e-11
UGC00128,26.28,1.83713986306789e-11
UGC00128,28.77,1.795930562640914e-11
UGC00128,31.25,1.706931102832459e-11
UGC00128,33.74,1.581153583097355e-11
UGC00128,36.23,1.49465413852995e-11
UGC00128,38.82,1.4299922538400891e-11
UGC00128,41.31,1.3591487186644971e-11
UGC00128,43.8,1.2796103505338987e-11
UGC00128,46.28,1.20758438653829e-11
UGC00128,48.77,1.135147966715677e-11
UGC00128,51.26,1.0734340329695056e-11
UGC00128,53.75,1.0216536965086667e-11
UGC01281,0.08,3.16556280196741e-11
UGC01281,0.23,2.1426132875105416e-11
UGC01281,0.38,1.0886060140622376e-11
UGC01281,0.54,1.4351364701028225e-11
UGC01281,0.69,1.6176995360168788e-11
UGC01281,0.84,1.7451281623868295e-11
UGC01281,1.0,1.8365838488873683e-11
UGC01281,1.15,1.9002939719791094e-11
UGC01281,1.3,1.748459287994689e-11
UGC01281,1.46,1.7682400084662763e-11
UGC01281,1.61,1.868599621651942e-11
UGC01281,1.76,1.9277067426581682e-11
UGC01281,1.92,1.998296193661235e-11
UGC01281,2.07,2.0295462326214357e-11
UGC01281,2.22,2.0675984243127645e-11
UGC01281,2.38,2.0828528398869904e-11
UGC01281,2.53,2.0834593649440462e-11
UGC01281,2.68,2.0791408768211642e-11
UGC01281,2.76,2.0686622566054318e-11
UGC01281,3.07,2.0285379553561712e-11
UGC01281,3.46,2.00135986896362e-11
UGC01281,3.83,1.914087086243499e-11
UGC01281,4.23,1.801218691600832e-11
UGC01281,4.62,1.802860079450681e-11
UGC01281,4.99,1.787787258255156e-11
UGC02487,9.93,7.680933072221666e-11
UGC02487,10.05,7.668293823061418e-11
UGC02487,10.35,7.638881232559441e-11
UGC02487,15.07,6.944939930526148e-11
UGC02487,20.09,6.314841577039432e-11
UGC02487,25.12,5.774555918705648e-11
UGC02487,30.14,5.3170804322479775e-11
UGC02487,35.17,4.81512157325302e-11
UGC02487,40.19,4.376415080072298e-11
UGC02487,45.21,4.0137769197545117e-11
UGC02487,50.24,3.695190562531749e-11
UGC02487,55.26,3.4268805082424506e-11
UGC02487,60.28,3.208902645991874e-11
UGC02487,65.31,2.999494953316463e-11
UGC02487,70.33,2.8177891404755536e-11
UGC02487,75.35,2.649601951526822e-11
UGC02487,80.38,2.495999103947987e-11
UGC02885,1.7,9.339886048189849e-11
UGC02885,3.41,8.72530060284841e-11
UGC02885,6.82,7.848833730914924e-11
UGC02885,13.67,6.64835322773535e-11
UGC02885,19.49,5.872208816224514e-11
UGC02885,23.36,5.5213399098321156e-11
UGC02885,27.24,5.180497676610532e-11
UGC02885,31.22,4.825192734150367e-11
UGC02885,35.1,4.5205698644919025e-11
UGC02885,38.97,4.2836900766409454e-11
UGC02885,42.85,4.062579127144572e-11
UGC02885,46.73,3.7935585522554154e-11
UGC02885,50.71,3.64529130388301e-11
UGC02885,54.58,3.541832791690092e-11
UGC02885,58.46,3.4075309959712925e-11
UGC02885,62.34,3.242069443894143e-11
UGC02885,66.21,3.0982773714847486e-11
UGC02885,70.19,2.9949400148794257e-11
UGC02885,74.07,2.874965622848729e-11
UGC02916,0.37,9.053576490152988e-11
UGC02916,0.74,9.209170858369008e-11
UGC02916,1.11,9.101602016027439e-11
UGC02916,1.48,9.016031069469343e-11
UGC02916,1.84,8.957960907717383e-11
UGC02916,2.21,8.894264110326996e-11
UGC02916,2.6,8.784438174175868e-11
UGC02916,2.96,8.615235294603842e-11
UGC02916,3.17,8.538676372606152e-11
UGC02916,3.33,8.470092436381863e-11
UGC02916,3.7,8.310028329052354e-11
UGC02916,4.07,8.14360285058824e-11
UGC02916,4.44,7.970718458452742e-11
UGC02916,4.81,7.794254130610386e-11
UGC02916,5.18,7.617923960151435e-11
UGC02916,5.55,7.434644714065593e-11
UGC02916,5.92,7.258144087163609e-11
UGC02916,6.28,7.097748324547978e-11
UGC02916,6.34,7.072558800072281e-11
UGC02916,6.65,6.946529582829182e-11
UGC02916,7.03,6.800323263849795e-11
UGC02916,7.39,6.668659066190246e-11
UGC02916,7.77,6.533774348937093e-11
UGC02916,8.14,6.413994574102563e-11
UGC02916,8.51,6.296791978793319e-11
UGC02916,8.88,6.183060680613857e-11
UGC02916,9.25,6.079662065620733e-11
UGC02916,9.52,6.003550471907707e-11
UGC02916,9.62,5.975894352070444e-11
UGC02916,9.99,5.876753019648899e-11
UGC02916,10.4,5.7707650960588865e-11
UGC02916,10.71,5.697539039279313e-11
UGC02916,11.12,5.6013066702207524e-11
UGC02916,12.67,5.280896541329684e-11
UGC02916,12.98,5.2241127050625873e-11
UGC02916,15.86,4.7813138635442605e-11
UGC02916,19.05,4.438929601101258e-11
UGC02916,22.14,4.175756411084385e-11
UGC02916,25.34,3.888805513576518e-11
UGC02916,28.53,3.5940519071204137e-11
UGC02916,31.72,3.3062692076738744e-11
UGC02916,34.91,3.0797424501062626e-11
UGC02916,38.0,2.8856482254929545e-11
UGC03205,0.28,9.026097326716108e-11
UGC03205,0.55,9.22778509447635e-11
UGC03205,0.83,9.10251952999187e-11
UGC03205,1.39,8.777174141086762e-11
UGC03205,1.65,8.660091684344847e-11
UGC03205,3.04,7.983699463356926e-11
UGC03205,3.32,7.859785507381274e-11
UGC03205,3.59,7.766973448214027e-11
UGC03205,3.87,7.697733323489804e-11
UGC03205,4.15,7.669178251591e-11
UGC03205,4.43,7.650483175954356e-11
UGC03205,4.7,7.622554052345421e-11
UGC03205,4.97,7.581908428369215e-11
UGC03205,5.25,7.536407359629908e-11
UGC03205,5.52,7.50872496618996e-11
UGC03205,5.8,7.485752284204849e-11
UGC03205,6.08,7.458992398254227e-11
UGC03205,6.36,7.430720251712836e-11
UGC03205,6.63,7.390117916187172e-11
UGC03205,6.91,7.341199646016278e-11
UGC03205,7.19,7.285678452992549e-11
UGC03205,7.27,7.268001176312691e-11
UGC03205,7.46,7.225346929222004e-11
UGC03205,8.02,7.100190720861924e-11
UGC03205,8.29,7.03860805684315e-11
UGC03205,8.56,6.976571683340859e-11
UGC03205,8.84,6.907805902020973e-11
UGC03205,9.12,6.839766101849266e-11
UGC03205,9.69,6.695035555859249e-11
UGC03205,12.11,6.052226888130443e-11
UGC03205,14.58,5.4602087320709595e-11
UGC03205,14.68,5.437498343273582e-11
UGC03205,15.2,5.325354933355858e-11
UGC03205,15.5,5.2665561188606525e-11
UGC03205,15.71,5.2278349728167755e-11
UGC03205,16.02,5.170710359140687e-11
UGC03205,16.32,5.115860500144362e-11
UGC03205,16.53,5.0801656306650466e-11
UGC03205,16.84,5.027904975037667e-11
UGC03205,16.94,5.0124044312027286e-11
UGC03205,19.4,4.6241356699914624e-11
UGC03205,21.77,4.304019374948223e-11
UGC03205,24.23,3.987985445234324e-11
UGC03205,26.69,3.706986363218293e-11
UGC03205,29.06,3.4582270658769545e-11
UGC03205,31.52,3.226320409441018e-11
UGC03205,36.34,2.844295050439636e-11
UGC03205,40.04,2.593460543878434e-11
UGC04483,0.08,1.814241145977777e-11
UGC04483,0.24,2.480121319395158e-11
UGC04483,0.4,2.5142491906328472e-11
UGC04483,0.57,2.431893680340749e-11
UGC04483,0.73,2.3176996871652077e-11
UGC04483,0.89,2.181954748115998e-11
UGC04483,1.05,2.0767068751563758e-11
UGC04483,1.21,1.9782630806722828e-11
UGC05005,0.78,2.1127481883657954e-11
UGC05005,2.34,2.3275555149786976e-11
UGC05005,3.91,2.4394332510333964e-11
UGC05005,5.47,2.3580061638111705e-11
UGC05005,7.04,2.165465512681454e-11
UGC05005,8.6,2.060615733409703e-11
UGC05005,10.17,1.9706262688287284e-11
UGC05005,17.97,1.6672724524413184e-11
UGC05005,21.07,1.550041114163631e-11
UGC05005,22.72,1.4962000565687886e-11
UGC05005,28.61,1.3596093928008138e-11
UGC05750,0.31,1.0174850155803635e-11
UGC05750,1.47,1.857777447014135e-11
UGC05750,2.52,1.883710845341376e-11
UGC05750,3.35,1.9007186716258764e-11
UGC05750,4.09,1.812469745998871e-11
UGC05750,4.82,1.834385056912884e-11
UGC05750,6.6,2.005666192099883e-11
UGC05750,7.86,2.0375683020954473e-11
UGC05750,9.43,2.060746797076003e-11
UGC05750,11.43,1.8599727607031388e-11
UGC05750,22.85,1.483658810743972e-11
UGC06399,0.87,2.474114492593143e-11
UGC06399,1.74,2.7775002892856433e-11
UGC06399,2.61,2.6697826559186674e-11
UGC06399,3.5,2.7300210626391492e-11
UGC06399,4.37,2.6385924949872156e-11
UGC06399,5.24,2.567387999082972e-11
UGC06399,6.11,2.4665271182168398e-11
UGC06399,6.98,2.336870284453859e-11
UGC06399,7.85,2.209884227423783e-11
UGC06614,3.23,7.734408142441496e-11
UGC06614,9.18,5.159702762343654e-11
UGC06614,10.64,4.79190459123414e-11
UGC06614,11.58,4.6151499914620146e-11
UGC06614,12.52,4.4839272749975164e-11
UGC06614,13.57,4.408356397872528e-11
UGC06614,15.76,4.162911701171147e-11
UGC06614,24.94,2.999789905464461e-11
UGC06614,26.3,2.8789779345008413e-11
UGC06614,34.96,2.3592291744236486e-11
UGC06614,36.84,2.278792620524517e-11
UGC06614,47.38,2.041910367766398e-11
UGC06614,64.59,1.7253497085666677e-11
UGC06667,0.87,1.004757293031706e-11
UGC06667,1.74,1.1182570881963e-11
UGC06667,2.61,1.475046725680629e-11
UGC06667,3.5,1.8257836441375405e-11
UGC06667,4.37,1.836987198304877e-11
UGC06667,5.24,1.9512500553156295e-11
UGC06667,6.11,1.910106913911644e-11
UGC06667,6.98,1.930934960787302e-11
UGC06667,7.85,1.813401420207145e-11
UGC06818,0.87,2.8802945077140677e-11
UGC06818,1.74,2.869154509754148e-11
UGC06818,2.61,2.5787652797113034e-11
UGC06818,3.5,2.3799466759183807e-11
UGC06818,4.37,2.193862749184339e-11
UGC06818,5.24,2.1231742923650133e-11
UGC06818,6.11,1.9953248451175122e-11
UGC06818,6.98,1.8733517660028353e-11
UGC06917,1.74,4.3847518885465456e-11
UGC06917,2.61,3.911851158701959e-11
UGC06917,3.5,3.6388330001698915e-11
UGC06917,4.37,3.516159949402247e-11
UGC06917,5.24,3.348439107743408e-11
UGC06917,6.11,3.199517261780211e-11
UGC06917,6.98,3.105760519775341e-11
UGC06917,7.85,2.9812855514312495e-11
UGC06917,8.72,2.8599443838116588e-11
UGC06917,9.6,2.7991646959140324e-11
UGC06917,10.47,2.7875718217230303e-11
UGC06923,0.93,5.0666075752960256e-11
UGC06923,1.94,4.297818953518878e-11
UGC06923,2.87,3.899569823609507e-11
UGC06923,3.72,3.6064628101407624e-11
UGC06923,4.47,3.384909980032497e-11
UGC06923,5.16,3.2195012110805605e-11
UGC06930,1.74,3.9478458328540155e-11
UGC06930,3.5,3.347099302041265e-11
UGC06930,5.24,3.116814407453352e-11
UGC06930,6.98,3.01289669293731e-11
UGC06930,8.72,2.8833584152272984e-11
UGC06930,10.47,2.7799709835218905e-11
UGC06930,12.19,2.6801749358183292e-11
UGC06930,13.94,2.510748864763107e-11
UGC06930,15.68,2.2472723236985788e-11
UGC06930,16.61,2.130945998656747e-11
UGC06983,1.74,4.584527732834509e-11
UGC06983,2.61,4.236554044000825e-11
UGC06983,3.5,3.69641035319613e-11
UGC06983,4.37,3.339592753210036e-11
UGC06983,5.24,3.1604370707964934e-11
UGC06983,6.11,2.9650586445403496e-11
UGC06983,6.98,2.896236967580245e-11
UGC06983,7.85,2.8856968735945285e-11
UGC06983,8.72,2.7366653528137174e-11
UGC06983,9.6,2.6239297201744607e-11
UGC06983,10.47,2.6016103193851512e-11
UGC06983,11.35,2.5404378846285824e-11
UGC06983,12.19,2.4547938213716226e-11
UGC06983,13.12,2.3727231224951066e-11
UGC06983,13.94,2.2764867190356734e-11
UGC06983,14.86,2.16912976028168e-11
UGC06983,15.68,2.0780225598050558e-11
UGC07089,0.87,2.1893087100789347e-11
UGC07089,1.74,2.649786250754684e-11
UGC07089,2.61,2.784857430343105e-11
UGC07089,3.5,2.684005785794051e-11
UGC07089,4.37,2.583454153073257e-11
UGC07089,5.24,2.5143351531268363e-11
UGC07089,6.11,2.4148579297428602e-11
UGC07089,6.55,2.3654652041605347e-11
UGC07089,6.98,2.3210276992729094e-11
UGC07089,7.85,2.2327017989364948e-11
UGC07089,8.72,2.137353372486287e-11
UGC07089,9.16,2.07567572368554e-11
UGC07151,0.5,3.8198517865905737e-11
UGC07151,1.0,4.199642932064842e-11
UGC07151,1.5,4.057045055595707e-11
UGC07151,2.0,3.8776720481574117e-11
UGC07151,2.49,3.6977971991434593e-11
UGC07151,3.0,3.507266794819668e-11
UGC07151,3.49,3.26459762602931e-11
UGC07151,4.0,3.218701771047313e-11
UGC07151,4.49,3.11749760429104e-11
UGC07151,5.01,3.042059039520754e-11
UGC07151,5.5,2.9935782619058756e-11
UGC07232,0.21,3.6985958074512965e-11
UGC07232,0.41,4.198079659842733e-11
UGC07232,0.62,3.838991306323842e-11
UGC07232,0.82,3.51173682238799e-11
UGC07524,0.35,2.9688298589884954e-11
UGC07524,0.69,2.5363452302152352e-11
UGC07524,1.03,2.3718526309571548e-11
UGC07524,1.38,2.1924995628147136e-11
UGC07524,1.72,2.1304554661985515e-11
UGC07524,2.07,2.1335230824871406e-11
UGC07524,2.41,2.1180191559276363e-11
UGC07524,2.76,2.1886006796682124e-11
UGC07524,3.1,2.210299111737304e-11
UGC07524,3.45,2.2355856137296246e-11
UGC07524,3.79,2.258122861522797e-11
UGC07524,4.14,2.2928654693798117e-11
UGC07524,4.48,2.2970077532083653e-11
UGC07524,4.82,2.274927333135131e-11
UGC07524,5.17,2.2540612900258328e-11
UGC07524,5.51,2.201520210550685e-11
UGC07524,5.86,2.143292577358366e-11
UGC07524,6.2,2.122471736325759e-11
UGC07524,6.55,2.1221697135207508e-11
UGC07524,6.89,2.1314957979049797e-11
UGC07524,7.25,2.1421409362732665e-11
UGC07524,7.58,2.160131165479084e-11
UGC07524,7.94,2.1809909372090163e-11
UGC07524,8.27,2.2059874449243006e-11
UGC07524,8.63,2.2310852309883535e-11
UGC07524,8.97,2.2401225020147607e-11
UGC07524,9.3,2.24606979753731e-11
UGC07524,9.66,2.2438345928744866e-11
UGC07524,9.99,2.2392528323284574e-11
UGC07524,10.35,2.2333532824967044e-11
UGC07524,10.69,2.2003248948313063e-11
UGC07559,0.36,1.7682094340415093e-11
UGC07559,0.72,2.062066317396476e-11
UGC07559,1.08,1.9950593359683966e-11
UGC07559,1.45,1.9273777280618067e-11
UGC07559,1.8,1.8888885022976468e-11
UGC07559,2.17,1.9089789624097086e-11
UGC07559,2.53,1.9430417695397076e-11
UGC07577,0.19,1.1139991787224691e-11
UGC07577,0.38,1.2019307208526901e-11
UGC07577,0.57,1.2791253005603795e-11
UGC07577,0.75,1.5702511134069983e-11
UGC07577,0.94,1.6201021720302002e-11
UGC07577,1.13,1.6100586219914396e-11
UGC07577,1.32,1.6651595600574582e-11
UGC07577,1.51,1.6192719022950052e-11
UGC07577,1.69,1.5240664867688978e-11
UGC07866,0.33,2.251270637635194e-11
UGC07866,0.66,2.2185935703041837e-11
UGC07866,1.0,2.3680782869302237e-11
UGC07866,1.33,2.3092926774313442e-11
UGC07866,1.67,2.205972849724082e-11
UGC07866,2.0,2.160968243482466e-11
UGC07866,2.32,2.0734657565400007e-11
UGC08286,0.47,3.207339118986502e-11
UGC08286,0.95,3.276906442119499e-11
UGC08286,1.42,3.291231150964969e-11
UGC08286,1.9,3.390119027108737e-11
UGC08286,2.37,3.418569812653262e-11
UGC08286,2.84,3.227637285569931e-11
UGC08286,3.3,3.12502730738221e-11
UGC08286,3.78,3.0123148097839676e-11
UGC08286,4.25,2.932398016460809e-11
UGC08286,4.73,2.8514235807795366e-11
UGC08286,5.2,2.6464617473039532e-11
UGC08286,5.67,2.492377355189519e-11
UGC08286,6.15,2.306419353079683e-11
UGC08286,6.62,2.1957520624265677e-11
UGC08286,7.1,2.212679169093722e-11
UGC08286,7.57,2.1013981139310283e-11
UGC08286,8.04,2.0382602129321105e-11
UGC08490,0.34,5.130602922312846e-11
UGC08490,0.68,5.213305397244502e-11
UGC08490,1.02,4.976435280017564e-11
UGC08490,1.36,4.6619579591923815e-11
UGC08490,1.69,4.340835643156389e-11
UGC08490,2.03,4.0361759519380727e-11
UGC08490,2.37,3.7914977740838685e-11
UGC08490,2.7,3.581577719664616e-11
UGC08490,3.05,3.35711819306591e-11
UGC08490,3.38,3.185808579239837e-11
UGC08490,3.72,3.0714760220485346e-11
UGC08490,4.06,2.960883403740061e-11
UGC08490,4.39,2.7956787476534492e-11
UGC08490,4.74,2.6382924692469214e-11
UGC08490,5.08,2.4757129788676548e-11
UGC08490,5.41,2.30280959341844e-11
UGC08490,5.75,2.215147823817145e-11
UGC08490,6.09,2.1499442193564058e-11
UGC08490,6.42,2.0639494325102413e-11
UGC08490,6.77,1.9897873001313738e-11
UGC08490,7.11,1.916690446911149e-11
UGC08490,7.44,1.9010631891986672e-11
UGC08490,7.78,1.8535451398622398e-11
UGC08490,8.12,1.7557869687022467e-11
UGC08490,8.46,1.716920405934928e-11
UGC08490,8.8,1.684195283995069e-11
UGC08490,9.13,1.6219357015894825e-11
UGC08490,9.47,1.5613164040360836e-11
UGC08490,9.77,1.5297362719214686e-11
UGC08490,10.15,1.5032118453655468e-11
UGC08837,0.52,1.7303370958557772e-11
UGC08837,1.05,1.7438990011426613e-11
UGC08837,1.57,1.643695472236358e-11
UGC08837,2.09,2.1081592517961243e-11
UGC08837,2.63,2.236047741401888e-11
UGC08837,3.15,2.152291464692208e-11
UGC08837,3.68,2.1502462286886567e-11
UGC08837,4.2,2.163019064971537e-11
UGC09037,2.43,5.277743337725853e-11
UGC09037,3.65,4.886083902221086e-11
UGC09037,4.86,4.494931823173323e-11
UGC09037,6.08,4.25834463457104e-11
UGC09037,7.29,4.192130954915168e-11
UGC09037,8.51,4.004790429809961e-11
UGC09037,9.73,3.8076935879702705e-11
UGC09037,10.96,3.612351820916307e-11
UGC09037,12.19,3.5612893405116794e-11
UGC09037,13.41,3.50139738568491e-11
UGC09037,14.55,3.4012914153460566e-11
UGC09037,15.78,3.335690756379489e-11
UGC09037,17.0,3.2146775750302646e-11
UGC09037,18.23,3.0551435435622406e-11
UGC09037,19.46,2.9141189015991e-11
UGC09037,20.69,2.8876491675675402e-11
UGC09037,21.92,2.7736642883775738e-11
UGC09037,23.14,2.6445996875652174e-11
UGC09037,24.28,2.5883386029945388e-11
UGC09037,25.51,2.4630845676958273e-11
UGC09037,26.73,2.4838425830622537e-11
UGC09037,27.96,2.4615249669131e-11
UGC09133,0.32,9.79001273100855e-11
UGC09133,0.63,9.851245252131764e-11
UGC09133,0.95,9.786122557778063e-11
UGC09133,1.26,9.702077768707458e-11
UGC09133,1.58,9.61093494805936e-11
UGC09133,1.89,9.515998060780815e-11
UGC09133,2.21,9.417552689899439e-11
UGC09133,2.52,9.321590514688967e-11
UGC09133,2.84,9.223600905092474e-11
UGC09133,3.15,9.137118812808163e-11
UGC09133,3.47,9.062818530710827e-11
UGC09133,3.79,8.992917355348291e-11
UGC09133,4.1,8.923800300876192e-11
UGC09133,4.42,8.84862208245697e-11
UGC09133,4.73,8.77020655800203e-11
UGC09133,5.05,8.68369686060539e-11
UGC09133,5.36,8.597089687746177e-11
UGC09133,5.68,8.508458967908245e-11
UGC09133,5.99,8.42547450400689e-11
UGC09133,6.31,8.344444410738291e-11
UGC09133,6.62,8.273678163401952e-11
UGC09133,6.94,8.206154185069591e-11
UGC09133,7.57,8.076230840292985e-11
UGC09133,7.89,8.003977200798717e-11
UGC09133,8.2,7.928166062595007e-11
UGC09133,8.31,7.901844837018074e-11
UGC09133,8.52,7.853892133319904e-11
UGC09133,8.83,7.787707907496077e-11
UGC09133,9.15,7.719293411462153e-11
UGC09133,9.78,7.57671865991263e-11
UGC09133,10.1,7.499127262719426e-11
UGC09133,11.04,7.270829586164953e-11
UGC09133,11.36,7.195745085282106e-11
UGC09133,11.67,7.125300742157005e-11
UGC09133,13.57,6.737950112416539e-11
UGC09133,13.88,6.675432096261531e-11
UGC09133,14.2,6.615216250781351e-11
UGC09133,16.61,6.182450412913718e-11
UGC09133,19.35,5.7659455808540175e-11
UGC09133,22.19,5.3535375527364756e-11
UGC09133,24.92,5.0339379643442396e-11
UGC09133,27.66,4.748055371376556e-11
UGC09133,30.5,4.472751066498902e-11
UGC09133,33.23,4.2243889491507176e-11
UGC09133,35.96,3.980360323592451e-11
UGC09133,38.8,3.74797647279055e-11
UGC09133,41.54,3.5493136675216735e-11
UGC09133,44.27,3.3769412418549803e-11
UGC09133,47.11,3.223767702544657e-11
UGC09133,49.84,3.0857195280816897e-11
UGC09133,52.58,2.946793300277729e-11
UGC09133,55.42,2.8199755957783715e-11
UGC09133,58.15,2.7195680314091395e-11
UGC09133,60.89,2.6368658872913664e-11
UGC09133,63.62,2.548271235026057e-11
UGC09133,66.46,2.4577477382379604e-11
UGC09133,69.19,2.3750815794287586e-11
UGC09133,71.93,2.300224182333813e-11
UGC09133,74.77,2.2309669884224976e-11
UGC09133,77.5,2.1723122341364607e-11
UGC09133,80.23,2.1167954732067584e-11
UGC09133,83.07,2.060507816736991e-11
UGC09133,85.81,2.0068093237681592e-11
UGC09133,88.54,1.9531186306396057e-11
UGC09133,91.38,1.899570859738022e-11
UGC09133,94.12,1.8511534597315498e-11
UGC09133,99.69,1.7651883764538884e-11
UGC09133,108.31,1.6402927021046007e-11
UGC11455,0.62,6.537155735728729e-11
UGC11455,1.23,6.931222974240546e-11
UGC11455,1.83,6.987514879393527e-11
UGC11455,2.47,6.92128942749708e-11
UGC11455,3.08,6.796551294186589e-11
UGC11455,3.68,6.680333469058027e-11
UGC11455,4.32,6.577804772403511e-11
UGC11455,4.91,6.506367841257674e-11
UGC11455,5.53,6.543896820343047e-11
UGC11455,6.17,6.621547277994668e-11
UGC11455,6.78,6.784224234850934e-11
UGC11455,7.38,6.926641873369668e-11
UGC11455,8.0,6.938983767127253e-11
UGC11455,8.62,6.847416544692745e-11
UGC11455,9.23,6.789658248244576e-11
UGC11455,9.85,6.760885734091868e-11
UGC11455,10.43,6.734670306967772e-11
UGC11455,11.05,6.69113681899674e-11
UGC11455,11.67,6.637676721746796e-11
UGC11455,12.19,6.598188728069529e-11
UGC11455,12.91,6.537178220842643e-11
UGC11455,14.56,6.367332344645565e-11
UGC11455,16.63,6.027431329965286e-11
UGC11455,17.77,5.844456840997632e-11
UGC11455,18.49,5.7462836303762897e-11
UGC11455,20.24,5.5680739156093856e-11
UGC11455,22.62,5.3565846731224755e-11
UGC11455,24.89,5.0950043975612843e-11
UGC11455,27.06,4.799978070231823e-11
UGC11455,29.13,4.5232183717852767e-11
UGC11455,31.3,4.2745052766923976e-11
UGC11455,33.46,4.0760572680342616e-11
UGC11455,35.53,3.857324296864996e-11
UGC11455,37.7,3.640356915722702e-11
UGC11455,39.87,3.488785302782954e-11
UGC11455,41.93,3.3422287905214545e-11
UGC12506,0.82,4.6652974306624925e-11
UGC12506,2.46,5.866434490164678e-11
UGC12506,4.1,6.029598671468358e-11
UGC12506,5.74,5.927079231106791e-11
UGC12506,7.38,5.8018610098581e-11
UGC12506,9.02,5.825616912040337e-11
UGC12506,10.65,5.782401250605549e-11
UGC12506,12.29,5.668495476908001e-11
UGC12506,13.93,5.4942686067671955e-11
UGC12506,15.57,5.36064083643108e-11
UGC12506,17.21,5.230301586231051e-11
UGC12506,18.85,5.063122901410359e-11
UGC12506,20.49,4.87033041073526e-11
UGC12506,22.13,4.6863763010731875e-11
UGC12506,23.77,4.498779759554807e-11
UGC12506,25.41,4.313754978773465e-11
UGC12506,27.05,4.157408419162253e-11
UGC12506,28.68,4.032049789312997e-11
UGC12506,30.32,3.919915185333162e-11
UGC12506,31.96,3.8073591427224675e-11
UGC12506,33.6,3.672193821009741e-11
UGC12506,35.24,3.537740742190406e-11
UGC12506,36.88,3.4301384623644226e-11
UGC12506,38.52,3.353870355476775e-11
UGC12506,40.16,3.2823924148701444e-11
UGC12506,41.8,3.2026169282697127e-11
UGC12506,43.44,3.138719747439978e-11
UGC12506,45.08,3.1077847659429634e-11
UGC12506,46.71,3.0045411948974954e-11
UGC12506,48.35,2.9713105698494285e-11
UGC12506,49.99,2.9546501750538264e-11
UGCA442,0.42,1.56419431903492e-11
UGCA442,1.26,2.212207422818544e-11
UGCA442,2.11,2.4202272384601682e-11
UGCA442,2.96,2.2831736234365643e-11
UGCA442,3.79,2.058493598709621e-11
UGCA442,4.65,1.7826764064032298e-11
UGCA442,5.48,1.4921789485163806e-11
UGCA442,6.33,1.2551814628541092e-11
UGCA444,0.12,8.35446674362319e-12
UGCA444,0.19,6.5457239631675905e-12
UGCA444,0.26,8.917278446820391e-12
UGCA444,0.33,1.0979280962445498e-11
UGCA444,0.4,1.2529593022561742e-11
UGCA444,0.47,1.4056486144530533e-11
UGCA444,0.55,1.588080082411846e-11
UGCA444,0.62,1.7548111784429368e-11
UGCA444,0.69,1.8955300199871224e-11
UGCA444,0.76,1.9992138213320797e-11
UGCA444,0.83,2.114987885008387e-11
UGCA444,0.9,2.163234817866011e-11
UGCA444,0.97,2.1957966531278623e-11
UGCA444,1.04,2.214339727989078e-11
UGCA444,1.11,2.2209947463582578e-11
UGCA444,1.19,2.2083040137048392e-11
UGCA444,1.26,2.179460184471715e-11
UGCA444,1.33,2.1535212844240198e-11
UGCA444,1.4,2.1185655080166286e-11
UGCA444,1.48,2.0808430845111292e-11
UGCA444,1.55,2.0506157747187734e-11
UGCA444,1.62,2.0335714469739296e-11
UGCA444,1.69,1.9963511532541346e-11
UGCA444,1.75,1.9657031153491956e-11
UGCA444,1.83,1.9378441762677776e-11
UGCA444,1.9,1.9060490266448416e-11
UGCA444,1.97,1.8756895403433875e-11
UGCA444,2.04,1.8466398652286265e-11
UGCA444,2.11,1.8290415130641862e-11
UGCA444,2.19,1.7891427148913754e-11
UGCA444,2.26,1.7640329023452176e-11
UGCA444,2.33,1.740309183401523e-11
UGCA444,2.4,1.6798269614676522e-11
UGCA444,2.48,1.608615300862412e-11
UGCA444,2.55,1.54034160470647e-11
UGCA444,2.62,1.479996640332739e-11
